respid,appr,dapprp,vote,nvotep,moral,immorp,retal,retalp,trt1,trt2,age,male,educ
R_UisUfk3ljZdHYhr,2,0,4,1,2,0,2,1,1,0,24,0,3
R_2VBKC2wom9hUthS,2,0,3,0,2,0,3,0,0,0,25,0,3
R_3nU8WCHsLXkPZEe,4,1,4,1,4,1,4,0,1,0,24,1,2
R_enyj3yJQIjExNe1,5,1,5,1,5,1,3,0,1,0,29,1,4
R_2aVxMkruTPsgQ0W,4,1,3,0,4,1,3,0,1,0,27,1,4
R_psECG2ZcphpF0Ax,4,1,5,1,5,1,3,0,0,1,22,1,3
R_2fOLy14shNN5Re1,1,0,2,0,1,0,4,0,0,0,30,1,4
R_2SGg8aFNxksCSwg,2,0,3,0,2,0,3,0,0,1,37,1,4
R_2v7UkFOzywTTxrS,4,1,4,1,4,1,2,1,0,1,42,1,4
R_w6OTcmfUkb6C7q9,4,1,4,1,4,1,4,0,0,0,32,1,4
R_26nB3ffqknjz1oh,5,1,5,1,5,1,1,1,1,0,32,1,4
R_1qVfi26Tu8LlSdq,2,0,3,0,2,0,3,0,0,1,23,0,3
R_Ceq95mjl1YwtpXX,4,1,4,1,4,1,3,0,0,1,50,1,4
R_5AOr9gAg3yyotot,3,0,3,0,4,1,3,0,0,0,25,1,4
R_2yfjhcjaW7KntDc,4,1,4,1,4,1,2,1,0,0,30,0,3
R_vjWNNCooWJ2qhEt,4,1,4,1,4,1,2,1,1,0,22,1,3
R_XTxZzDs5ovHuJG1,5,1,5,1,5,1,2,1,0,1,28,0,4
R_1nZSKwtVozXTpsj,4,1,4,1,5,1,2,1,0,1,34,1,4
R_AhRYPWMNzDbn3od,4,1,3,0,4,1,4,0,0,1,30,1,4
R_1gC7qmShYT3vpcY,2,0,2,0,2,0,4,0,1,0,22,0,3
R_YQQGtsFA6rFUdWh,2,0,3,0,2,0,3,0,0,0,34,1,4
R_21uqU7Kn7Vy8GNQ,5,1,5,1,5,1,1,1,0,1,22,1,3
R_2qdrHkIDfdrROgg,4,1,4,1,3,0,5,0,1,0,30,1,4
R_1mkK2y40sTjTVw2,2,0,3,0,1,0,4,0,0,0,20,0,2
R_3G7nZ4PdR4Sfbpv,5,1,5,1,3,0,5,0,1,0,33,1,1
R_3fxXwe3umKfzi4A,3,0,3,0,2,0,4,0,0,0,34,1,4
R_1EibQKsEq8kG5Oi,5,1,5,1,5,1,2,1,1,0,24,1,3
R_2QWLjQYowRMeaOa,1,0,1,0,1,0,4,0,0,0,51,0,3
R_2EFYy1O8MOsXBpm,2,0,1,0,1,0,2,1,0,0,44,1,3
R_u487lGQ39rQtIMV,2,0,3,0,2,0,3,0,1,0,32,1,3
R_4T8vr9Kt2sYMIEx,4,1,5,1,4,1,1,1,0,0,32,1,4
R_2wa96VVHKus1rNS,4,1,5,1,5,1,1,1,0,1,45,1,2
R_265MOZP70UM3eO7,5,1,5,1,5,1,2,1,0,1,36,1,3
R_1C7S7vLx4Bu7bWQ,2,0,2,0,2,0,4,0,0,0,50,0,4
R_ZzbKAXa1TVsLGSt,5,1,4,1,5,1,1,1,0,1,32,1,4
R_24M2lZAsOmC7wse,2,0,2,0,1,0,4,0,0,0,57,0,4
R_3kt7Ox4cPKQLdNH,2,0,3,0,5,1,2,1,0,1,31,1,4
R_3qqA1xKquKDcO8h,3,0,3,0,2,0,4,0,1,0,27,0,4
R_byz5c5AGPhPStjj,3,0,4,1,2,0,4,0,1,0,24,1,4
R_3NR3K8Vp5THYJTd,3,0,4,1,4,1,2,1,1,0,45,0,3
R_5tAdP3TJ6ZhJRyF,4,1,3,0,3,0,4,0,1,0,29,1,2
R_2VpC93VLjhQPGRq,5,1,5,1,5,1,1,1,0,1,40,1,3
R_3OiK2L3FqhxEDgl,2,0,3,0,2,0,4,0,0,0,41,1,4
R_3EokbJ77uH5VZVa,5,1,5,1,5,1,2,1,0,1,33,1,4
R_1M0sVFj9UBCMWYM,2,0,2,0,2,0,4,0,0,0,24,0,3
R_2Yonw5THKdMuDg8,2,0,3,0,4,1,2,1,0,1,23,0,3
R_cFU3ijYE60XxVdz,2,0,2,0,2,0,4,0,0,1,27,0,4
R_1Q4NFH0VTP97Sc4,2,0,3,0,4,1,3,0,0,0,50,0,4
R_3NyQcgvfePWttvq,1,0,2,0,2,0,5,0,0,0,40,1,4
R_27EDHFAALevqT6h,4,1,4,1,5,1,2,1,1,0,26,1,3
R_NVVyIzFVKvN6dkR,5,1,5,1,4,1,2,1,1,0,25,1,3
R_1ItuQAl8mB3Pt1t,2,0,2,0,2,0,3,0,1,0,56,1,4
R_3PnP2qiGrUYyxvb,5,1,5,1,5,1,1,1,0,1,25,1,2
R_1daHkUcbHMt0pvD,5,1,5,1,5,1,1,1,0,0,34,0,4
R_31ASxuLj6ir75er,3,0,3,0,3,0,3,0,0,1,28,1,4
R_1DNkMIPvHV1A4Yr,3,0,4,1,3,0,5,0,0,0,21,0,3
R_3nk1Mc0Uv7kzQ3o,2,0,3,0,3,0,3,0,1,0,28,1,4
R_1BVjJoY1hj97EqD,4,1,4,1,4,1,1,1,1,0,26,0,4
R_1jEeyqr59x85a12,5,1,4,1,5,1,3,0,0,1,31,0,4
R_1cZnzt6o7352mjw,4,1,4,1,5,1,2,1,0,0,23,1,4
R_u7y2lMUinsVt6WR,3,0,3,0,4,1,3,0,0,1,35,0,3
R_2ZJ1XASMHYgk5B0,2,0,3,0,2,0,4,0,0,0,57,1,2
R_11gWTkLXLGTmH04,2,0,3,0,2,0,4,0,0,0,28,1,4
R_2OPhBn8bIZqlc8S,3,0,4,1,3,0,3,0,0,1,22,1,3
R_3MPZaubCZClFkBC,4,1,4,1,5,1,2,1,1,0,50,0,2
R_2YxGariLyagQ1e1,2,0,3,0,2,0,4,0,1,0,32,1,4
R_vNCvQRvbsObi5nX,4,1,4,1,4,1,2,1,1,0,33,1,2
R_u1ENe2CHfGpXGRb,4,1,4,1,5,1,4,0,0,0,28,0,3
R_u81y1oe01i4hwgF,4,1,3,0,4,1,3,0,0,1,28,1,3
R_3ND2dXtQRjFHaBh,2,0,3,0,3,0,3,0,0,1,22,0,3
R_1BRgZmdHbER5V3U,3,0,3,0,3,0,3,0,1,0,25,0,3
R_ZepY3hziWna8QXD,4,1,4,1,3,0,2,1,1,0,24,1,2
R_vIXP9dpDcGffMMF,4,1,4,1,5,1,2,1,0,1,47,0,4
R_3KJBfU69OPBOxCF,4,1,3,0,2,0,2,1,0,0,22,1,3
R_a4qHmMlC5QkqTG9,2,0,3,0,2,0,4,0,0,0,33,1,4
R_3ee1uvD4Xgsuey1,2,0,3,0,2,0,4,0,1,0,24,1,3
R_22mHPvLxoVYClsy,3,0,3,0,3,0,4,0,0,1,33,1,3
R_2dLo0ooNFHvUUdc,2,0,2,0,2,0,4,0,0,0,22,1,3
R_2TZyQtkNDJ9updy,2,0,2,0,3,0,4,0,1,0,37,1,4
R_29c3SkSJXcHJaiK,2,0,2,0,3,0,3,0,1,0,25,0,3
R_cJ61wQWtRclGw6d,1,0,2,0,2,0,4,0,0,0,37,1,2
R_1etyA9AldXA4uWG,4,1,4,1,4,1,3,0,0,1,24,1,4
R_1hRxUdOIA43vTYq,1,0,1,0,1,0,4,0,0,0,33,1,2
R_doGKbwvPAqEydm9,4,1,3,0,5,1,1,1,0,1,22,0,3
R_1OYJ24mHXm3O49q,2,0,2,0,2,0,3,0,1,0,35,0,4
R_WfiiRRY39zH5EYN,2,0,4,1,4,1,3,0,0,1,23,1,3
R_1LFK1YealaBXRTZ,3,0,3,0,3,0,4,0,0,0,25,1,4
R_3HO0bvRr4ihPiho,5,1,5,1,5,1,1,1,0,1,24,1,2
R_3Gcua5rXIjpf10I,4,1,4,1,4,1,4,0,0,0,58,0,2
R_2SGJ41HO48eghxo,3,0,2,0,2,0,4,0,1,0,26,1,3
R_SVNU7EBva1qxaUh,4,1,4,1,5,1,2,1,1,0,28,0,4
R_2E13ZmnY6VCkdD5,3,0,3,0,2,0,2,1,0,0,48,1,4
R_3GkeAZ7dvlHGJxx,3,0,5,1,4,1,3,0,0,1,27,0,3
R_2yayEgRvLMUw0ON,3,0,3,0,2,0,2,1,1,0,48,1,4
R_XBTiKFDoTk2Gxrz,4,1,4,1,4,1,1,1,0,1,25,1,2
R_stcTAM0XdorbuvL,1,0,1,0,1,0,3,0,0,0,24,1,4
R_2RPV327hGWFSVuj,5,1,5,1,5,1,5,0,0,0,44,1,3
R_2fHaIXH1RGbOaDd,4,1,4,1,4,1,2,1,1,0,27,1,4
R_2wN80L3Sye6ZMDn,2,0,3,0,2,0,5,0,0,1,33,1,4
R_21Euvie2DdtImwi,3,0,5,1,4,1,2,1,0,0,29,1,4
R_2DM5gxcL31XsGWL,1,0,1,0,3,0,3,0,0,1,22,0,3
R_296rutW37gZ5KgW,3,0,1,0,4,1,2,1,0,1,24,1,4
R_1FPz3n46Yp5QiJl,4,1,4,1,4,1,2,1,1,0,28,1,4
R_122SST5OTMgmt7O,2,0,3,0,2,0,3,0,1,0,57,0,4
R_2aeoDo3Bw4jKonF,4,1,3,0,3,0,2,1,0,1,33,0,4
R_2zGhsBkLKLEUYQ8,2,0,2,0,2,0,4,0,0,1,49,1,3
R_qEjUZonLa290o2l,2,0,3,0,2,0,4,0,0,0,39,1,3
R_3qxMrR0OxfV0FyA,2,0,3,0,2,0,4,0,1,0,37,1,4
R_2xLeEGf91svTyuI,5,1,5,1,5,1,5,0,0,0,42,1,4
R_Pvylop2JbgHjn2h,2,0,2,0,3,0,4,0,0,0,29,1,4
R_23ZuHNnk88xEef8,2,0,3,0,2,0,4,0,0,0,33,1,4
R_54oEpEfVX4pav7j,3,0,4,1,2,0,3,0,0,1,28,1,2
R_3iIjkrIG0qEC8t8,2,0,2,0,2,0,3,0,0,1,27,1,4
R_2QG8CcFHBOQnLDh,2,0,2,0,2,0,4,0,1,0,22,1,4
R_r8cxzxAD9a4xzgt,3,0,3,0,3,0,4,0,1,0,36,0,4
R_PRtUgaPiwD9yEgx,2,0,2,0,3,0,2,1,1,0,23,0,4
R_1LcZtDN6vNGgoaC,5,1,5,1,5,1,2,1,1,0,26,1,4
R_3QXGZHIOfoNsdqp,4,1,4,1,4,1,3,0,0,1,28,1,4
R_2Tuj7eO9hZSX3z0,4,1,4,1,5,1,1,1,0,1,38,1,3
R_1NwDGZST9YAWhpQ,2,0,3,0,2,0,3,0,0,0,34,0,4
R_26hTTsJCZzXQ9eO,3,0,5,1,5,1,1,1,1,0,26,1,3
R_2vYsmMXdZGp4tua,2,0,2,0,2,0,4,0,1,0,28,1,4
R_296sFCmznyvV9Ix,2,0,3,0,2,0,3,0,0,0,30,1,4
R_3Hq8rTv9SMdPxaD,4,1,4,1,4,1,4,0,0,0,27,0,4
R_2sF11cM2T6RRvS9,2,0,3,0,3,0,4,0,1,0,23,1,4
R_3gXUEWP2fgVkNy2,2,0,3,0,1,0,2,1,0,1,25,1,4
R_3EoFWDWTeAAiboz,3,0,4,1,4,1,2,1,1,0,20,1,3
R_SUJp5G01JjpeTol,5,1,5,1,5,1,2,1,0,1,32,1,4
R_33kxchsGjIobtOS,3,0,4,1,4,1,2,1,0,1,20,0,3
R_3gNTgAHqX56kvFK,4,1,4,1,4,1,3,0,1,0,33,1,2
R_1FE8kyw4parcY5r,2,0,3,0,3,0,2,1,0,0,24,0,4
R_25Zd6NZ2lWrA32T,1,0,3,0,1,0,4,0,0,0,34,1,4
R_r8BkfmFP6iJExuF,5,1,5,1,5,1,1,1,1,0,53,0,4
R_2eXUrSb3hBX1L70,4,1,4,1,4,1,2,1,0,1,37,1,4
R_3JLA8gR4XBBBBZV,5,1,3,0,5,1,2,1,0,1,21,1,3
R_3OA5AlxB92bsl6F,3,0,3,0,3,0,4,0,0,0,31,1,3
R_3nNI3h2n8h3C03k,2,0,3,0,2,0,3,0,1,0,45,0,3
R_2rIxr5WWc1Ckf7A,2,0,3,0,2,0,3,0,1,0,27,0,4
R_2CVdAnoYFQEoLTR,2,0,3,0,4,1,2,1,0,1,19,1,3
R_6zACyaFSOWi74VX,4,1,3,0,5,1,1,1,0,0,70,0,4
R_29oI82xaeujrsww,2,0,3,0,2,0,4,0,0,0,24,0,4
R_ZeMCaMfnwe2f6YV,2,0,3,0,2,0,3,0,1,0,35,0,4
R_22xfncgMqvGLi0C,2,0,3,0,2,0,2,1,0,1,43,0,4
R_3CTR7BYKraHz4ph,4,1,1,0,3,0,2,1,1,0,26,1,4
R_1IQ97NpfiuIXkwn,2,0,2,0,1,0,4,0,1,0,30,1,4
R_1IFNiLh69hGxHYW,5,1,4,1,4,1,1,1,0,1,25,1,4
R_3EoHWhcrPwZthjf,1,0,2,0,1,0,4,0,0,0,27,0,2
R_1dzCG9Tym1ytVC2,4,1,5,1,5,1,1,1,0,1,48,1,3
R_2VyYePE0jXcmJ3L,4,1,3,0,3,0,3,0,0,1,24,1,4
R_3mf4UtCNFS5ffOn,3,0,3,0,2,0,3,0,0,1,35,1,4
R_3CTvNBX1mcmB9s6,2,0,3,0,2,0,4,0,0,0,30,1,3
R_2EsjLn03XXVe6QH,5,1,4,1,5,1,4,0,1,0,61,1,3
R_26bgvuQQibRVjhA,2,0,1,0,2,0,1,1,0,0,21,1,2
R_8rg6CeCXpSQcnct,5,1,5,1,5,1,5,0,0,0,26,0,4
R_2YX47tOP043nPPB,3,0,3,0,3,0,3,0,0,1,42,0,3
R_1mWbBUyeMjOU4JM,4,1,4,1,4,1,3,0,0,1,21,0,3
R_ROaqowD4Pf5WWwV,5,1,5,1,5,1,1,1,1,0,30,1,3
R_3dGqrtZ9JG4Q97D,2,0,3,0,3,0,3,0,0,1,30,1,3
R_8ByoW9ORnTzchEt,2,0,2,0,1,0,5,0,0,0,28,1,4
R_43catCvxMeWGwnv,4,1,4,1,5,1,1,1,1,0,25,0,3
R_3MGsPwGIW7o668d,2,0,3,0,2,0,5,0,0,0,31,0,4
R_pxuPqHsvhHfBa3T,1,0,2,0,2,0,4,0,1,0,26,1,4
R_3pgaPZwFN1fW4p6,2,0,3,0,2,0,4,0,1,0,28,1,4
R_2AZ7UU2rL11RL8Q,5,1,5,1,5,1,1,1,0,1,34,1,2
R_3Rr23jmwQ7AYVG1,3,0,3,0,3,0,3,0,1,0,46,1,3
R_1q58v3weHQVkEje,1,0,2,0,3,0,4,0,0,0,28,1,4
R_tQcMDQgANsKcxXP,3,0,3,0,2,0,3,0,1,0,56,0,4
R_2TTMATvyJ3vwqNV,2,0,3,0,1,0,4,0,0,0,20,1,3
R_1j7y9bfRiVy8sH8,1,0,3,0,2,0,4,0,1,0,20,1,3
R_4VqlroE6GxRkhot,3,0,3,0,3,0,2,1,0,0,39,0,3
R_3iqh46HCzj5efaR,4,1,4,1,4,1,2,1,1,0,23,1,4
R_3haq3TUfN8nooXJ,4,1,3,0,5,1,2,1,0,1,57,0,4
R_3j9AKmF0FR8WVwh,1,0,1,0,1,0,5,0,0,0,38,0,3
R_3dyTQrLliENaN33,1,0,3,0,3,0,4,0,1,0,30,0,4
R_1LoOxdsK23c1Ixj,2,0,3,0,2,0,4,0,0,1,21,0,3
R_31HF13xM3GfV1yR,4,1,2,0,4,1,2,1,1,0,32,1,4
R_3RgtFSyntIAbiNq,4,1,5,1,5,1,1,1,0,0,40,1,2
R_3GpI7y3DZ3sItzB,2,0,3,0,2,0,3,0,0,1,41,0,3
R_33shBHFi98BTQbe,4,1,4,1,2,0,2,1,0,1,31,1,2
R_2e5v6xEGy0HelzZ,2,0,3,0,3,0,4,0,0,0,42,1,4
R_3j2PWJRuMbPLg1T,4,1,5,1,4,1,2,1,1,0,22,0,3
R_6FpYCv2YZ9HXvfH,4,1,3,0,3,0,2,1,0,1,33,0,4
R_2v2JoXn2AzyL4cE,4,1,3,0,5,1,2,1,0,1,34,0,3
R_1GTy3s4c4xEECfT,3,0,3,0,4,1,4,0,0,0,45,1,4
R_1FgH7L9Y9cLUW57,2,0,2,0,3,0,4,0,1,0,26,0,4
R_1LijF6BzZSfbPdE,4,1,4,1,4,1,1,1,1,0,31,1,3
R_PzFWu8PWzyv4y1H,3,0,3,0,2,0,3,0,0,0,36,0,4
R_eM2EDgX5fo3z2N3,4,1,3,0,5,1,2,1,0,1,38,0,2
R_3FQFQrNdgQpbo0a,2,0,3,0,3,0,3,0,0,0,39,0,4
R_2rBAZpanL49cVpa,4,1,4,1,4,1,2,1,0,1,52,1,4
R_1lzS0e56LhyTNz1,3,0,3,0,3,0,3,0,0,0,26,1,4
R_1pnG177KtAxX6u3,2,0,3,0,2,0,3,0,1,0,22,0,3
R_UfGNnQCXKIdSMIV,3,0,3,0,3,0,3,0,0,1,36,0,4
R_2wno4xY7lmzGQPZ,4,1,4,1,4,1,2,1,0,1,33,1,4
R_30nJNyiBf3YHcdJ,2,0,2,0,2,0,4,0,0,0,36,0,2
R_27vXX5yb8O3XIPN,1,0,3,0,1,0,4,0,0,0,34,1,3
R_0ukUNxLUg7YXMuR,5,1,4,1,5,1,2,1,1,0,20,0,3
R_2TRfw3C8kg89W5X,2,0,2,0,2,0,4,0,0,0,61,0,3
R_3CcitVB7Qk259K1,5,1,5,1,4,1,2,1,0,0,25,1,3
R_CjGa3XfwRXFAqPL,2,0,3,0,2,0,4,0,0,1,24,0,3
R_6LIyz36aHz72OA1,3,0,3,0,3,0,2,1,0,0,36,1,2
R_1n30mhj4asuFTW9,5,1,5,1,5,1,1,1,0,0,25,1,3
R_2QlVP7HXmzgPtF6,4,1,4,1,4,1,3,0,1,0,32,0,3
R_3j2pHTbczq2HTbm,2,0,3,0,4,1,2,1,1,0,26,0,4
R_1pyBzx3yZa3Hjfd,4,1,4,1,4,1,2,1,1,0,61,0,4
R_1NvrNt0MXvuo8Sd,1,0,2,0,1,0,4,0,0,1,37,0,3
R_3DyN704CZr5PGNz,5,1,5,1,5,1,1,1,0,1,52,0,3
R_RP4h8ce18Ual2Eh,4,1,4,1,5,1,2,1,0,1,38,0,4
R_25N7prnQtUDluhR,4,1,5,1,5,1,3,0,0,1,30,0,4
R_xgW3hy7X7jlOmGt,4,1,4,1,4,1,1,1,0,0,44,0,4
R_BD6EgUF1BvUFnZ7,4,1,3,0,4,1,2,1,0,1,38,0,3
R_9H2nl4PIDrfWX3r,4,1,3,0,4,1,2,1,1,0,24,1,2
R_3RxNSvR2HPfV9Pn,2,0,2,0,2,0,4,0,0,0,37,1,4
R_262UOnNZU36unpY,1,0,2,0,1,0,4,0,1,0,23,1,2
R_3M4gWyTNLrTnUuU,5,1,5,1,5,1,1,1,0,0,45,1,3
R_323ZpjG8zdbLO8d,3,0,3,0,5,1,3,0,0,0,36,0,3
R_RRdqDhWrAaJTbnH,4,1,4,1,2,0,2,1,1,0,25,0,3
R_8qx0UbDIfoTyaFv,3,0,3,0,3,0,3,0,0,0,27,1,4
R_3O7iMsViiTFQP8A,1,0,2,0,2,0,3,0,1,0,34,0,3
R_1QrQ6czbNvOM3Wq,5,1,5,1,5,1,2,1,1,0,21,1,4
R_1QiacE1fy3sx1SW,3,0,3,0,3,0,4,0,0,0,33,1,4
R_2qeHIXLOCVLZfNn,2,0,4,1,2,0,4,0,1,0,24,0,3
R_2YXLLH3QyIzIpZI,4,1,4,1,3,0,2,1,0,1,37,1,4
R_1Q9NkaCUMAJBzXf,2,0,3,0,2,0,4,0,0,0,23,0,4
R_2COrBJ1cjkaHaHA,4,1,4,1,4,1,1,1,0,1,20,1,2
R_ZduH8LDwiJD7YtP,5,1,5,1,5,1,1,1,0,0,47,1,3
R_s6YJSDBmqvzxa9z,2,0,3,0,2,0,3,0,1,0,38,0,4
R_1KvbJ0hCV6K9xPf,5,1,5,1,5,1,1,1,0,1,67,0,4
R_3dH9Jri6Kv996MH,3,0,3,0,3,0,2,1,0,1,27,1,4
R_1Nf6a6C5JKXk7pt,3,0,3,0,3,0,5,0,0,0,22,1,3
R_1QnDkKQEYe6TQEN,3,0,4,1,4,1,3,0,0,1,24,1,2
R_3qst0cArvAohx8l,5,1,4,1,4,1,1,1,0,1,46,1,4
R_1prmLbN65TDqLLo,2,0,3,0,2,0,2,1,1,0,35,1,4
R_vYWG5sFaH0g5HZT,2,0,3,0,4,1,2,1,0,1,26,1,4
R_3Eo441w1D1VSe5z,2,0,3,0,5,1,3,0,0,0,33,1,4
R_8jHDWYLfzOPvwTT,2,0,3,0,4,1,4,0,0,1,33,1,4
R_3QPIb0Wa3bdGhdm,1,0,1,0,1,0,5,0,1,0,56,0,4
R_1Loo0VtHA14HhYG,2,0,2,0,3,0,4,0,0,0,26,1,4
R_3sJqEPvI4M1xBM5,4,1,3,0,4,1,3,0,0,1,40,1,4
R_1rrmYu4K6DayFhz,1,0,2,0,2,0,2,1,1,0,44,1,4
R_1CyceC1MMFYvQYl,4,1,4,1,4,1,3,0,0,1,53,0,4
R_32VmuNOXIWFyMKD,1,0,3,0,1,0,4,0,0,0,60,0,2
R_27a0GfLscCWH3Yy,4,1,4,1,4,1,2,1,0,1,38,0,4
R_2tl2QJrKUdaP9Tm,3,0,4,1,4,1,2,1,1,0,37,0,2
R_3Rg65BD71QBTkyB,2,0,2,0,1,0,4,0,0,0,20,1,3
R_3D2xC29AqxXat0Y,5,1,5,1,5,1,2,1,0,1,26,1,4
R_2rlwCNYlwumXggp,5,1,5,1,5,1,1,1,0,1,22,1,3
R_0lyHDhiWRw0MLYZ,2,0,3,0,2,0,4,0,1,0,54,1,4
R_eetkOKZcnYRhdRL,4,1,3,0,4,1,2,1,0,1,56,0,4
R_3D1MWZby3fUS6A9,4,1,4,1,4,1,4,0,0,1,43,0,4
R_3KVFRbbKK8fJnwY,4,1,4,1,4,1,2,1,1,0,34,0,3
R_2AEj0FxcQS82HLS,5,1,5,1,5,1,2,1,0,1,33,1,4
R_30hH9J5CcBSzOZ0,2,0,3,0,1,0,4,0,0,1,37,0,4
R_aaEzx9pyxhRJTyx,2,0,3,0,2,0,4,0,0,0,20,0,3
R_8eqeKfQ5xZNSzpD,1,0,2,0,3,0,5,0,0,0,30,1,3
R_1oaPXSwhuweF7Qb,2,0,3,0,4,1,4,0,0,0,26,0,3
R_27I0OmXdrCI9T8n,3,0,2,0,3,0,4,0,1,0,25,1,3
R_1QcEV571x5nHO7W,2,0,3,0,4,1,2,1,0,0,21,1,3
R_VVvQl6kzZ31Yj9T,1,0,2,0,2,0,4,0,0,0,25,0,4
R_50TTeDl0asYm0hj,4,1,4,1,2,0,3,0,0,0,28,0,4
R_yNOVuSlVhZ5Xqhz,4,1,4,1,2,0,3,0,0,1,32,1,3
R_2VDdrcTfSLziuCB,2,0,3,0,2,0,4,0,1,0,31,1,3
R_2zHXKQmCDiiBbf9,4,1,4,1,4,1,2,1,0,0,37,0,2
R_3HtYdfybeSyqPEy,4,1,3,0,4,1,4,0,0,1,44,1,3
R_25XwTNQnVGE14X5,2,0,3,0,2,0,3,0,1,0,58,0,3
R_6VT62H3uiXzp8eR,2,0,2,0,1,0,5,0,0,0,40,1,4
R_1l6pm1AkpTqMieY,1,0,3,0,1,0,4,0,0,0,56,1,2
R_1lrWlPHfjkbiJzw,3,0,2,0,1,0,3,0,0,1,40,1,4
R_1ouVK53vEq96CiT,2,0,2,0,4,1,3,0,1,0,21,1,2
R_ebtqHZJ8sSVQRGh,2,0,3,0,3,0,3,0,0,1,36,1,4
R_3MEwNEUdE9IzPx1,4,1,4,1,4,1,3,0,0,1,27,1,4
R_bNNrpDE9WV8oduF,3,0,2,0,2,0,4,0,0,1,20,0,3
R_25N1cjp5cx9VkLa,4,1,4,1,2,0,4,0,1,0,22,1,4
R_3gXUod5mRUMonYt,2,0,3,0,3,0,4,0,1,0,32,1,4
R_RWX9TLZ5FJAkbdL,4,1,3,0,4,1,1,1,1,0,52,0,4
R_2YLgsdf2QT9lQQ0,2,0,2,0,2,0,4,0,0,0,54,1,4
R_2znXDQGgH6Ez26F,2,0,2,0,2,0,4,0,1,0,41,1,4
R_2DYPeljZK0U7LFr,1,0,2,0,2,0,4,0,0,0,52,1,4
R_eCzgs1vUA4Whx0B,3,0,3,0,3,0,2,1,1,0,41,0,4
R_12MxCMqU71RmOwI,2,0,3,0,3,0,2,1,1,0,28,1,3
R_1dgmieCVxLtk8b1,4,1,5,1,4,1,3,0,0,1,27,0,4
R_2QyAGDcozyPTfJJ,2,0,2,0,3,0,2,1,0,0,22,1,3
R_3qsVZQndL4p2jNn,4,1,4,1,5,1,2,1,0,1,27,1,4
R_2Y4gqjW5pFse4Zu,2,0,3,0,2,0,4,0,0,0,35,0,4
R_08PUFJVz3yo3GxP,4,1,3,0,4,1,2,1,0,1,38,0,4
R_2OYJGW9SGnKZRX4,4,1,4,1,5,1,2,1,0,1,40,1,4
R_1qVCMicAd2L7i7h,1,0,1,0,2,0,5,0,1,0,24,1,4
R_ugCT3jCctipaNSF,2,0,3,0,2,0,4,0,1,0,41,1,4
R_2Y4TMrMoCecTTfO,5,1,5,1,5,1,1,1,0,0,52,1,3
R_31ZA27trzh8w7Gc,4,1,5,1,4,1,3,0,0,0,25,1,3
R_3R3lup4EYlYlsEq,1,0,3,0,2,0,3,0,0,0,60,0,3
R_6y76svXzHzca9MJ,4,1,4,1,4,1,1,1,0,1,57,0,4
R_3JqIrYfhoJgCoKI,4,1,3,0,5,1,1,1,0,1,42,1,3
R_1pLtOuKGSlghjVv,1,0,3,0,3,0,3,0,1,0,31,1,2
R_2TUekdMXGJn3XGb,4,1,4,1,3,0,3,0,1,0,44,1,3
R_3PbNdBdumYlH57t,4,1,3,0,3,0,4,0,1,0,27,0,2
R_3MSCwegCjiFXuOf,1,0,1,0,2,0,4,0,0,0,22,0,4
R_3ExMEpAeDOH6KLJ,5,1,5,1,5,1,1,1,1,0,57,1,3
R_eLNLbQvo5angdO1,4,1,5,1,5,1,2,1,1,0,37,0,3
R_12lLirh8sMoYVmJ,1,0,2,0,1,0,5,0,0,0,58,1,4
R_1dzCzTz1UyAolch,5,1,5,1,3,0,1,1,1,0,50,0,4
R_3JrXo7eFK9nrKRf,4,1,4,1,4,1,2,1,1,0,30,1,3
R_2zzP3Z1R1XPdSoI,1,0,2,0,1,0,5,0,0,1,54,1,4
R_VIO7X5TDs9o4fCh,4,1,3,0,4,1,2,1,1,0,26,0,4
R_2CgiOj7DQKGGP8f,5,1,5,1,5,1,1,1,0,1,69,0,4
R_1lcre98yQCeJurG,3,0,3,0,3,0,4,0,0,0,23,1,3
R_1ritAEEZxL9MknP,2,0,3,0,3,0,2,1,0,1,25,0,4
R_1Oy4xpKAtesUrwn,4,1,4,1,5,1,1,1,0,0,35,1,3
R_3g74yzz6JOpffH5,4,1,4,1,4,1,1,1,0,0,68,0,4
R_d4sMpROURbEyy5P,3,0,3,0,4,1,2,1,0,1,21,0,3
R_1EbSehYzKr8p9iZ,2,0,3,0,4,1,2,1,0,1,42,0,4
R_3JpUdIEMPbPMj2Z,3,0,3,0,3,0,3,0,0,1,57,0,4
R_3oAbUXn0g5ov9r3,2,0,3,0,2,0,4,0,1,0,27,1,4
R_2pKXpjpdGG9NUr4,4,1,5,1,2,0,2,1,0,0,30,1,4
R_1f1u5DV7poeqp4Y,4,1,4,1,5,1,1,1,0,1,36,1,4
R_3O8MX1U3IGLOqWX,3,0,3,0,3,0,3,0,1,0,44,0,3
R_3O6ciqrLpRg4oBP,2,0,3,0,1,0,5,0,1,0,29,0,4
R_1g0zHVSjPacSXaN,2,0,3,0,3,0,4,0,1,0,33,1,4
R_vxzaxXd4A04VaUh,2,0,3,0,2,0,3,0,1,0,28,0,3
R_1E0NO04p0XuYMiI,2,0,4,1,2,0,2,1,1,0,21,1,3
R_XB817sMva7u3n45,4,1,5,1,5,1,3,0,0,1,45,0,4
R_XZDEZflSGh50eyt,3,0,3,0,3,0,3,0,0,0,40,1,3
R_1P1Ppo9wV7uWw9o,2,0,2,0,1,0,2,1,1,0,35,1,4
R_2pPEm2ZlI4buRq4,2,0,2,0,2,0,4,0,0,1,21,1,3
R_2dJWVrOk37Zwh9c,2,0,2,0,1,0,4,0,0,0,45,1,3
R_0Hwpivs8GAtDYQx,2,0,3,0,2,0,4,0,0,0,25,1,4
R_1pmJjeQeO5PhJJB,1,0,3,0,3,0,4,0,1,0,32,1,4
R_2QAo6uNUIPt79fn,3,0,2,0,3,0,2,1,1,0,30,1,3
R_1GUgjfEwzQrX8mC,2,0,3,0,2,0,2,1,0,1,61,1,3
R_3Mo2ob1ONrqRJvV,2,0,3,0,3,0,4,0,0,0,25,1,4
R_272ylRnQH5CrvG7,5,1,5,1,5,1,1,1,0,1,62,0,2
R_WeWiOP3uPHbVNhn,4,1,3,0,4,1,2,1,0,1,24,0,4
R_3HFhIlRhEtH59Kj,2,0,4,1,2,0,3,0,1,0,56,0,2
R_25TlyTIKYHtxqp6,1,0,1,0,1,0,5,0,0,0,30,1,4
R_3sdGp7VNHTmOUzw,3,0,2,0,2,0,2,1,1,0,36,0,2
R_1g1I0vfuKtNblMT,2,0,3,0,1,0,5,0,0,0,55,0,3
R_4OXmAVGTDiucA4V,5,1,4,1,5,1,2,1,1,0,38,1,4
R_1hYVeyjmaKAJlYt,1,0,2,0,1,0,4,0,1,0,42,1,3
R_2aA0Ftm3GMn15Nm,1,0,2,0,2,0,3,0,0,0,56,0,2
R_27COeSixVYfjRtf,2,0,3,0,4,1,2,1,0,1,30,0,4
R_1r1GCkkLjTjpM8G,2,0,2,0,1,0,4,0,1,0,24,0,4
R_2RWf9jIXv4aGJG4,2,0,3,0,2,0,4,0,0,1,51,0,3
R_117TbkUbQozEbb1,3,0,4,1,4,1,3,0,0,1,41,1,2
R_agh9eJ9laQaxKCZ,2,0,2,0,2,0,5,0,0,1,44,1,3
R_sBH26dun225d6TL,2,0,2,0,3,0,4,0,1,0,54,1,4
R_27vyRAhUCfaZIdx,5,1,4,1,5,1,1,1,1,0,34,0,4
R_2WwoIfwO70lRgbe,2,0,3,0,2,0,2,1,0,1,23,1,2
R_D7P3a2CVuFLA0U1,4,1,4,1,4,1,1,1,0,0,43,0,3
R_1r627PmLnZfDctA,2,0,3,0,3,0,2,1,1,0,37,1,4
R_3HjHBm1RG0WLLT0,3,0,3,0,3,0,4,0,1,0,62,1,4
R_1hGajflhZg9vaio,4,1,5,1,5,1,2,1,1,0,38,0,4
R_2TvCtkHRcbnysS9,3,0,4,1,2,0,4,0,1,0,44,1,4
R_23niYHyar2x9hnz,3,0,4,1,4,1,2,1,0,0,51,1,3
R_3Gwf1A53g89cseK,5,1,5,1,5,1,3,0,0,0,32,1,4
R_UGtQaBB3heORqP7,4,1,4,1,5,1,2,1,0,1,36,0,3
R_3eal9itT1dCv6HI,2,0,3,0,2,0,4,0,0,0,58,0,3
R_11hfPbyPztrcHJE,4,1,4,1,4,1,2,1,0,1,80,0,4
R_2pKUe7sBPmBVdaa,2,0,3,0,2,0,4,0,0,0,34,0,4
R_25EgzfPJWZF1kP7,2,0,3,0,2,0,3,0,0,0,49,0,4
R_z68MekUcKz0Dc8V,5,1,5,1,4,1,3,0,0,1,25,1,3
R_2TFAG8FLw8Qg7x6,4,1,3,0,3,0,2,1,0,0,74,0,3
R_2zUAQ1nIcsp6csc,2,0,2,0,4,1,2,1,1,0,41,0,4
R_2Sf8jLlBf6FnZ82,4,1,4,1,4,1,3,0,0,1,27,0,3
R_2wmouYHuecY9Xak,4,1,5,1,3,0,3,0,1,0,25,0,4
R_3Mii8EtP8nWooxL,5,1,5,1,5,1,3,0,0,1,57,1,4
R_ZaW9hdGN9RcHGkV,4,1,4,1,4,1,3,0,0,0,18,0,3
R_UFMk88lxxdWRZKh,4,1,4,1,4,1,2,1,0,1,22,0,3
R_ST7KBSOeRScVEK5,2,0,3,0,2,0,4,0,1,0,21,1,3
R_2tD7MRSqqL03FLI,1,0,1,0,1,0,1,1,0,0,39,0,4
R_3hEE013juFbGdeR,4,1,1,0,4,1,2,1,0,0,24,0,4
R_3EmW06l8NRgUgFM,5,1,5,1,5,1,3,0,0,1,74,1,3
R_3qHEAvAGT0hHeoW,3,0,4,1,4,1,2,1,0,1,48,0,3
R_sNncQQTxl3ccbq9,4,1,3,0,4,1,3,0,0,0,30,1,4
R_u7BtxpJpQ6v9pip,2,0,2,0,3,0,3,0,0,0,31,0,4
R_3kba02oM5Cj1j4F,2,0,3,0,2,0,4,0,0,1,56,0,2
R_1gGR5Wn8P366EMZ,2,0,2,0,2,0,4,0,0,0,41,1,4
R_yDCjaZTv4xaaltT,5,1,4,1,3,0,2,1,0,1,43,1,4
R_3iVxiYKay3hbIxj,2,0,3,0,3,0,2,1,0,0,40,1,4
R_12qZeRKHZ8kl3Hd,1,0,2,0,1,0,4,0,0,0,53,0,4
R_1IGVTkXmdwlyuPL,4,1,4,1,5,1,1,1,0,1,44,1,4
R_1dibyPpgKkUvUmf,1,0,3,0,3,0,3,0,0,1,39,0,3
R_1eqkYDjSykrNNlY,1,0,1,0,1,0,3,0,0,1,24,0,4
R_z0gBOrYFoeMEr9D,2,0,3,0,4,1,2,1,0,0,52,1,4
R_1INrIBP5IeJavim,5,1,5,1,5,1,2,1,0,1,52,0,4
R_2WHKqYlqYpF6NSL,1,0,2,0,2,0,3,0,0,0,37,0,4
R_2tmLCTa8siBKjCe,4,1,4,1,3,0,2,1,1,0,35,0,4
R_1f9GIxZayz1VqMp,1,0,2,0,2,0,3,0,1,0,20,0,3
R_1gCHUs9WyIb7FdS,5,1,5,1,5,1,1,1,1,0,56,1,3
R_1dK2woxEIpmXqzT,1,0,1,0,1,0,4,0,0,0,25,1,3
R_1IocUTymWVaOPk9,3,0,3,0,3,0,4,0,0,0,26,1,3
R_Qm0yJQUEqIMvCj7,4,1,3,0,2,0,4,0,1,0,33,1,3
R_3hi5E4LfIEXeCin,1,0,1,0,1,0,1,1,0,0,63,1,4
R_AcUREs8eGwu09YR,5,1,4,1,5,1,5,0,1,0,55,0,3
R_3dGJ4VGEdlCUV95,5,1,5,1,5,1,1,1,0,1,53,0,3
R_3ezDOlKDY0PD1PT,3,0,3,0,2,0,2,1,0,1,30,0,3
R_23aibwO9GITHa6j,5,1,3,0,5,1,4,0,0,0,51,0,3
R_21dFKIDQrCoKkTx,2,0,4,1,3,0,4,0,0,1,27,1,3
R_yWn8hxjzvzCRsxX,2,0,3,0,1,0,4,0,0,0,49,1,4
R_9uHUTzjYH2l0BR7,4,1,4,1,4,1,2,1,1,0,40,1,3
R_2uErNbZjIp7SfI9,2,0,3,0,2,0,4,0,0,1,58,0,2
R_3PYnEKWYNJPT1Nz,2,0,2,0,2,0,3,0,1,0,63,0,3
R_3NDkAdW3XmU41X8,2,0,3,0,2,0,4,0,0,0,27,0,4
R_1GWuDQVPDqZQTbK,4,1,5,1,5,1,2,1,0,0,45,1,2
R_3e5eMetUHbTubxj,1,0,1,0,1,0,3,0,0,1,58,1,2
R_rr0QlIkDixDYbQd,1,0,2,0,2,0,5,0,0,0,61,1,4
R_1HqREjN9W5Sw38f,4,1,4,1,4,1,2,1,0,0,23,1,3
R_3TYxSMHIcKyRLfH,2,0,2,0,1,0,5,0,0,0,30,1,3
R_1Cb3lCGciJHZ0zv,4,1,4,1,4,1,1,1,0,1,20,0,3
R_2aPSL5Z1c5MSlZ5,2,0,3,0,2,0,3,0,1,0,37,0,3
R_3eaBqurVkRGeduh,5,1,5,1,5,1,3,0,0,1,25,0,4
R_1n6GY7yKv1dwac9,5,1,4,1,5,1,2,1,0,1,23,1,3
R_2Ph6GiMCZVl5kLI,4,1,4,1,4,1,2,1,1,0,54,0,2
R_3smr5LFL4TWNStc,2,0,3,0,2,0,4,0,1,0,27,1,4
R_0q5qZ2n6LUM9r1P,2,0,3,0,2,0,4,0,0,0,29,0,4
R_1ePrFL3TMbm7aTG,1,0,3,0,3,0,4,0,0,0,41,0,2
R_1EXv68FYCQrqCJP,4,1,4,1,5,1,1,1,1,0,63,1,4
R_10Nx9goPmu9pXdA,4,1,4,1,5,1,1,1,0,1,36,1,3
R_2dlRWVn5ShvHy0d,2,0,2,0,2,0,3,0,0,1,40,0,3
R_2EB09URKLAYYj9o,2,0,3,0,2,0,4,0,0,0,45,1,3
R_1l6Q9AML14YpH6N,4,1,3,0,4,1,2,1,0,1,60,1,3
R_3NDiRLiYiEY7Jql,4,1,4,1,4,1,4,0,1,0,32,1,4
R_1CEFQRy0CVYwdDC,2,0,2,0,4,1,3,0,1,0,27,1,3
R_2CkzHljJTxtLovL,4,1,3,0,5,1,1,1,1,0,74,0,4
R_1Cf4YjbTNAymeyi,2,0,3,0,2,0,3,0,1,0,33,1,2
R_3M5oXd3gceuJMhZ,1,0,1,0,1,0,4,0,0,1,49,0,2
R_2cuX5mXTn4daqyF,2,0,3,0,3,0,4,0,0,0,43,0,3
R_31ibDKAf9z8NdoJ,2,0,3,0,2,0,5,0,0,0,26,0,4
R_3KTN9XeOB5YFJz1,4,1,2,0,3,0,2,1,1,0,33,1,3
R_3MEROa5G7S9s2my,4,1,4,1,4,1,3,0,0,1,32,0,4
R_1n8yobihleRp9vF,3,0,1,0,3,0,3,0,0,0,26,0,4
R_3TMcSHghx1j43iZ,2,0,3,0,3,0,3,0,1,0,33,1,4
R_305HKtDXr5TxLou,1,0,1,0,2,0,3,0,1,0,24,0,2
R_AnFMt9lykeILYIx,2,0,3,0,2,0,3,0,0,0,31,1,4
R_1jO00J0HZeHX0mY,2,0,3,0,3,0,3,0,0,0,49,0,3
R_1f8vY7irSde54kS,2,0,3,0,3,0,4,0,1,0,30,1,4
R_2aXBckzhdKKNSCt,3,0,5,1,3,0,2,1,0,1,68,0,3
R_2s0jCLKxVGwiMK7,3,0,3,0,3,0,3,0,0,0,37,1,4
R_28ZMLjC3TResOJ9,5,1,5,1,5,1,1,1,0,1,41,0,4
R_cJgrJWxrMenfYrf,4,1,3,0,4,1,4,0,0,0,47,0,4
R_3JDCLSZ9P1s0hKw,3,0,3,0,1,0,2,1,0,1,30,1,2
R_1JEIrqprp8Yqa5V,1,0,1,0,1,0,4,0,0,1,31,1,4
R_9SwmMBrEWpNufTP,2,0,2,0,2,0,5,0,1,0,36,1,2
R_2f3ESqIql796RKI,2,0,2,0,2,0,4,0,1,0,33,1,4
R_0SwppgtztMHrWjD,2,0,3,0,4,1,2,1,1,0,31,0,4
R_3GqQiJxrIwCgzhj,4,1,4,1,4,1,2,1,1,0,42,1,4
R_xctek7LMiNXkA13,4,1,4,1,5,1,4,0,1,0,29,0,2
R_3G8L9lR4nXV6KuU,2,0,3,0,2,0,4,0,0,0,26,1,4
R_ue17CuOaK9QnPHz,2,0,3,0,2,0,4,0,0,0,29,1,4
R_2taraSb5OabFuSn,1,0,2,0,1,0,5,0,0,0,40,0,4
R_28XVb9AGPhWONjf,2,0,2,0,2,0,3,0,0,1,55,1,4
R_2SjCvK3kuCJeVLP,4,1,4,1,4,1,2,1,0,1,53,0,4
R_3D0YJliZVIK5Psm,4,1,5,1,4,1,2,1,0,1,33,1,4
R_3fpyBnlytnPPdPs,4,1,4,1,4,1,2,1,0,1,31,0,3
R_2uUO2FxbvPzhNzl,4,1,4,1,5,1,3,0,0,1,24,1,4
R_CfNRn5xBv88LMdj,2,0,3,0,3,0,4,0,0,0,49,1,4
R_1dcwSRUUeKoCmdI,4,1,4,1,4,1,3,0,0,1,22,0,3
R_3p56xOjhtpREVAs,5,1,4,1,5,1,3,0,1,0,34,1,4
R_2P4BOIIzYQMB7cw,2,0,2,0,2,0,2,1,1,0,32,0,3
R_1rrmWXMjKxHHPCM,2,0,2,0,2,0,2,1,0,1,21,1,3
R_3DnLGy0q8qvksDj,4,1,5,1,4,1,2,1,0,0,19,1,2
R_2TL8MBLLB64RMWJ,5,1,5,1,4,1,2,1,0,1,24,0,3
R_3oRaGWXHqcBEi7M,2,0,2,0,3,0,4,0,0,0,34,1,4
R_33lQPStM6f7AjXQ,4,1,4,1,2,0,4,0,0,1,32,1,4
R_3j38UvlgIDqxDte,4,1,3,0,2,0,4,0,1,0,29,1,2
R_6WPz98lK1bK1u8x,5,1,3,0,5,1,1,1,0,1,33,0,4
R_1OxWre1IHfd4St2,4,1,4,1,4,1,3,0,0,0,29,1,3
R_ptk5osHUfHYmiat,4,1,4,1,4,1,1,1,1,0,48,1,3
R_Y4gCy7L4CDuf2Kd,2,0,3,0,2,0,3,0,1,0,30,0,3
R_1q8vUB2OcSB71LC,3,0,3,0,2,0,3,0,1,0,30,1,3
R_DHQiNMU2nL5ym3f,2,0,2,0,2,0,3,0,1,0,33,1,2
R_rrlNSGQnxh6nB1D,5,1,5,1,5,1,1,1,1,0,50,1,3
R_DnSxTJuKViwsoQF,2,0,3,0,3,0,2,1,0,1,25,0,3
R_25yhBWyWkejKl6I,2,0,3,0,3,0,3,0,0,1,48,0,4
R_pR8MjIZeUBOmEIF,1,0,2,0,1,0,3,0,1,0,41,1,2
R_tG7X3slLJ9hYKE9,1,0,2,0,1,0,4,0,0,1,29,0,3
R_esnmGqy0MiRXGql,1,0,1,0,1,0,5,0,0,0,29,0,3
R_1dc8fDpS2cGMkwe,3,0,3,0,4,1,2,1,1,0,62,0,2
R_2qdZlaMeLKz53WT,4,1,5,1,5,1,2,1,0,1,35,1,3
R_CaEJFMtxwOjVgGJ,4,1,3,0,4,1,4,0,1,0,30,0,4
R_3PH3kkUofTEvfml,1,0,3,0,1,0,5,0,0,0,28,0,3
R_2ve617OjDTIpQqS,2,0,3,0,2,0,3,0,0,0,65,1,4
R_25ZJxDpvSICownf,3,0,3,0,2,0,3,0,0,1,57,0,4
R_1mf92cqVfeUiYOd,5,1,3,0,5,1,1,1,0,1,58,0,4
R_1CD6vSG2ZPb1kY0,3,0,3,0,3,0,4,0,0,0,24,0,4
R_3hE01KxKPx5YnV4,2,0,3,0,2,0,3,0,1,0,39,0,3
R_1OiBW68O6rwEG2y,3,0,2,0,4,1,3,0,1,0,34,1,2
R_30e5hEzgf9m0DiK,2,0,3,0,2,0,3,0,0,1,27,0,3
R_2qjWPBDwFbI9Sz8,4,1,4,1,4,1,1,1,1,0,28,0,4
R_2bWBUqkgUpBrl32,2,0,3,0,3,0,5,0,0,0,29,0,3
R_3nBqfvMFQtfI4Yu,3,0,4,1,4,1,4,0,0,0,48,0,4
R_2V7RxrQTRzGKzIM,2,0,2,0,2,0,2,1,0,0,46,1,4
R_2U4PaZN4qYIM77M,2,0,3,0,2,0,3,0,1,0,25,0,3
R_3qagFwMTXeFRnan,2,0,3,0,2,0,4,0,0,0,42,0,3
R_2zoH1SzcZ4r8l6l,4,1,4,1,4,1,2,1,0,0,29,0,4
R_1LdKmeA8qSEbQLs,2,0,2,0,2,0,4,0,0,1,24,0,3
R_r6By9tuTlELbG13,2,0,3,0,2,0,2,1,1,0,48,0,4
R_2P0UzBYNYuXzxSl,1,0,2,0,1,0,4,0,0,1,30,1,3
R_1EXpkrFQO8JXDU6,2,0,2,0,4,1,4,0,1,0,30,1,3
R_Q6RS0Ft6Rp36nnP,2,0,3,0,2,0,4,0,0,0,34,0,4
R_2gFfe1q9K1UeWyJ,4,1,4,1,5,1,3,0,1,0,38,1,2
R_2czTnluf9EveED5,4,1,4,1,4,1,2,1,0,0,24,0,3
R_2ygfgpebUZbrzar,3,0,3,0,4,1,2,1,0,1,30,1,4
R_3m1ClVgOvIS977W,2,0,3,0,2,0,4,0,0,0,38,0,3
R_26g2EhxSQpPWnYz,4,1,3,0,5,1,1,1,0,1,23,1,3
R_3r0XplV99frwEB0,2,0,2,0,2,0,3,0,1,0,42,0,4
R_2dWJr3B3hk7lQhv,2,0,3,0,2,0,4,0,0,0,29,1,2
R_210dlpRYqdNWLXx,2,0,3,0,2,0,4,0,1,0,43,1,3
R_1o7o3olgqPuCQ9C,5,1,5,1,1,0,5,0,1,0,36,0,4
R_2TM1PrtboXTbEAq,5,1,5,1,5,1,1,1,0,1,25,1,4
R_3EXNHA7HmF9MDg4,4,1,4,1,4,1,2,1,0,1,31,0,4
R_24qH8KeHYShS0Pn,1,0,3,0,3,0,3,0,0,0,54,0,3
R_33ffrRMOuuhZjHR,2,0,3,0,2,0,2,1,1,0,33,1,3
R_1LtmLKA6JsUUEcC,2,0,3,0,1,0,4,0,1,0,29,1,4
R_9FQUpf4lDaByvXX,5,1,5,1,5,1,1,1,0,1,30,1,3
R_1EXNFmhNjKZWaZQ,2,0,3,0,3,0,3,0,0,1,30,1,4
R_DjdJW4CSdQmq6sh,4,1,5,1,3,0,2,1,1,0,45,0,4
R_D5X3csEW127LNzb,4,1,5,1,5,1,1,1,0,1,22,1,4
R_1mquPTxdRqWprri,2,0,3,0,3,0,2,1,0,0,30,1,4
R_1H14wjz4ZcuFYfY,4,1,3,0,4,1,2,1,1,0,24,0,3
R_2D2fYenh4jK7ROI,3,0,4,1,4,1,2,1,1,0,56,0,3
R_3Pe1GsI2Gq85POp,2,0,3,0,2,0,4,0,0,0,37,0,4
R_poTUFIBRncPJXUZ,4,1,4,1,4,1,2,1,0,0,52,0,3
R_1Qt5cE2AyazPXgL,4,1,4,1,4,1,2,1,0,1,32,0,4
R_3ilmAsvp07nvdBS,4,1,4,1,4,1,2,1,0,1,29,0,4
R_3PLgDVVF6xY73eJ,4,1,3,0,4,1,2,1,1,0,31,0,4
R_XzbaYOaVnWlth2p,2,0,2,0,2,0,3,0,0,0,60,0,4
R_zTnD5JuvqZZ4oMN,4,1,4,1,4,1,3,0,1,0,22,0,3
R_2pYTdtFcevn9lCV,2,0,2,0,2,0,3,0,0,0,62,1,4
R_1jH59uS7qMDLv90,2,0,3,0,2,0,4,0,0,0,34,0,3
R_3hltfTD8MDYlPdc,5,1,4,1,5,1,1,1,0,1,30,1,4
R_dbVviG406FnBMsh,3,0,3,0,3,0,3,0,1,0,33,1,4
R_2UXVGY9uG46Fbvd,5,1,5,1,4,1,3,0,1,0,41,1,2
R_3dMqkj6uaFQCaIU,1,0,1,0,1,0,4,0,0,0,28,0,3
R_2SpiUSoZMhVN6qV,2,0,3,0,3,0,2,1,0,1,58,0,4
R_2CK6Acd2X4LoDAM,4,1,5,1,5,1,2,1,0,1,27,1,3
R_3CHmzuQMix7GhCS,2,0,2,0,3,0,4,0,0,0,29,0,4
R_2VJgy1F427lcEVv,4,1,3,0,4,1,3,0,0,0,45,0,3
R_afSIhfvmk8qRjkB,5,1,5,1,5,1,1,1,0,1,52,0,4
R_efVpVYr00Ye8O1r,2,0,3,0,2,0,4,0,1,0,35,1,2
R_dapTNU0ujwix9u1,2,0,3,0,2,0,4,0,0,0,56,0,4
R_2dgUrpXIjOp6ROR,4,1,4,1,4,1,2,1,0,1,38,0,4
R_QoEks6hrHAXUXDP,2,0,2,0,2,0,4,0,0,1,33,0,4
R_1MNp3fsHC2qPhpX,5,1,3,0,4,1,2,1,0,1,31,0,3
R_3NCg0LaLY7zjVQU,3,0,3,0,2,0,4,0,1,0,42,0,3
R_2cc737ISAwlLNLv,2,0,3,0,4,1,1,1,1,0,26,1,4
R_3jd266ACEMrv56n,3,0,2,0,2,0,4,0,0,0,25,1,4
R_2zchO7fiK0i2rQe,4,1,4,1,4,1,2,1,0,0,33,0,4
R_eQGwEneEyIr9Fhn,5,1,4,1,2,0,2,1,0,1,27,1,4
R_3z4DGT0290dArbX,3,0,4,1,4,1,3,0,0,0,30,0,4
R_1IEHePEQmI195Nh,2,0,2,0,1,0,5,0,0,0,25,1,4
R_1mzvLg6mzkgmYhB,2,0,2,0,2,0,4,0,0,1,25,0,4
R_2YKFRhykU9IXTaT,2,0,2,0,2,0,4,0,1,0,23,0,4
R_25cZNKHdiSCVLvH,2,0,3,0,3,0,4,0,1,0,22,1,4
R_8vThQ11q4XYvi6t,2,0,3,0,3,0,4,0,0,1,36,1,2
R_3EoodAfsh5eqSRP,5,1,5,1,4,1,2,1,0,1,31,0,3
R_2ylJ0EF0MnoERgq,2,0,3,0,2,0,4,0,1,0,22,1,3
R_1gjTBKCeKevoWLC,4,1,4,1,3,0,2,1,1,0,59,0,4
R_2CWBYAh3NuTdSDu,5,1,5,1,5,1,2,1,0,0,30,1,2
R_1oz2EgqdLqCPFy2,1,0,3,0,1,0,4,0,1,0,32,0,4
R_3kM4Z4cYtGIrPdy,5,1,5,1,5,1,3,0,0,0,22,0,1
R_b94NXweDwL8U0N3,4,1,4,1,3,0,2,1,0,1,28,0,3
R_6QBLbIaQ7wBLEt3,4,1,4,1,4,1,2,1,1,0,43,0,4
R_RDoxI9EfBGnMiqZ,3,0,2,0,4,1,4,0,0,0,22,0,4
R_1d5Yae8uW5wgfGj,3,0,3,0,3,0,3,0,0,1,34,1,3
R_3CDByBrZ6SHH4vJ,3,0,2,0,3,0,2,1,0,1,20,1,3
R_33kAdUPiHCEhSkr,4,1,4,1,4,1,2,1,1,0,36,1,2
R_2b3jo7YWC7qIebO,2,0,3,0,2,0,3,0,1,0,54,0,3
R_3ndxvVphJPtFAxz,1,0,2,0,2,0,5,0,0,0,32,1,3
R_3p3F4mkfPhjPQI6,2,0,2,0,3,0,4,0,0,0,31,0,4
R_0SLQHzMQDSndsfD,2,0,3,0,2,0,4,0,0,0,27,0,3
R_1C2NzDmh0Cwo5ZP,1,0,1,0,1,0,5,0,1,0,28,1,3
R_TdbbKeExEIgzmNz,3,0,3,0,5,1,2,1,0,1,23,1,4
R_3nUjqsER4TpSLYE,2,0,2,0,2,0,3,0,0,0,32,0,3
R_3sAZZBRdnpREoUm,2,0,2,0,1,0,4,0,1,0,35,1,2
R_OHDH9Wa5ru3Fu1z,4,1,4,1,5,1,2,1,0,1,26,0,3
R_3p3iMWGk6a6dlE2,2,0,1,0,1,0,3,0,0,1,36,1,3
R_1Ojigp7C82B3WEG,1,0,2,0,2,0,4,0,1,0,36,0,3
R_3njk545sHuktcww,2,0,3,0,2,0,3,0,0,0,41,1,3
R_OIEgianf4L8xko9,2,0,3,0,3,0,3,0,0,0,29,0,4
R_2B8yGY0P3DX4wRh,2,0,3,0,4,1,2,1,1,0,30,1,3
R_27e38XMroKokbXg,4,1,4,1,4,1,2,1,1,0,27,1,3
R_22RJ8eWRfOG4Wye,2,0,3,0,3,0,3,0,0,0,28,0,4
R_10vkBHamnoD7u5J,4,1,4,1,5,1,2,1,0,1,32,0,3
R_23f0KD8wQhIods8,4,1,5,1,4,1,2,1,0,1,34,0,4
R_p6rxjWZJTwg1Gi5,4,1,4,1,5,1,2,1,0,1,45,1,4
R_24cJMX6uCNMgqJO,5,1,5,1,5,1,5,0,1,0,21,1,2
R_2tx6qBiO9jkhH1w,2,0,3,0,4,1,3,0,1,0,20,0,3
R_3F4mWXFXo0n9hPh,5,1,5,1,5,1,1,1,0,0,38,1,4
R_3ktvdMwDk8Qm9v4,3,0,3,0,2,0,1,1,0,1,54,0,2
R_roNEGdrTaHBxfJT,3,0,3,0,4,1,2,1,0,0,49,1,3
R_3RdUfyvXzfcC1fJ,2,0,3,0,2,0,3,0,0,1,20,1,2
R_TjtlSjhvEJwbIgF,2,0,3,0,4,1,4,0,1,0,24,1,3
R_R1Q83VuncfNACl3,2,0,3,0,2,0,4,0,0,0,30,0,4
R_1dKYV6xvi6lPQZZ,1,0,3,0,2,0,4,0,1,0,29,0,4
R_2uOnhLubLM0AEA9,3,0,2,0,3,0,3,0,0,1,25,0,2
R_1qfIra15Vh0yrOe,2,0,2,0,2,0,3,0,0,0,39,0,4
R_25zufX0sIyYwInp,3,0,3,0,3,0,3,0,1,0,24,1,3
R_1hA2fb4muDzlzWb,4,1,3,0,4,1,2,1,0,1,36,0,4
R_33C6445Ym0wJLef,4,1,3,0,5,1,2,1,1,0,54,1,4
R_1CwttZ6wp3L6uvF,3,0,4,1,4,1,2,1,0,1,26,1,2
R_UGA4kWzFti1Zspr,1,0,2,0,2,0,4,0,0,0,53,1,2
R_x9NI3hFyCMCxd97,5,1,5,1,5,1,2,1,0,1,30,1,4
R_2fl0qHfQpXKFLcX,3,0,1,0,3,0,2,1,1,0,25,1,4
R_2WZGRzDTAwkETQO,5,1,5,1,5,1,1,1,0,1,33,0,3
R_2q1wYeePigj5kp2,3,0,3,0,3,0,3,0,0,0,27,0,4
R_TnPNrbM0Gs87vep,2,0,3,0,3,0,2,1,1,0,30,1,4
R_RDkFankvN3Jrjzz,3,0,3,0,3,0,2,1,0,0,25,0,2
R_21aLM7t51giLmbU,5,1,5,1,5,1,1,1,0,1,23,0,3
R_3NWWVMZMYrxwzk9,4,1,5,1,5,1,1,1,0,1,32,1,4
R_1pQCLgNtTuMRVYQ,4,1,3,0,3,0,2,1,1,0,21,0,3
R_7a3kdkGIpLy9zz3,1,0,3,0,2,0,5,0,0,0,26,0,4
R_2xFUvs9kbdnpYu0,1,0,1,0,2,0,5,0,0,1,20,0,3
R_ePD3374ehyuysBb,5,1,3,0,3,0,2,1,0,1,28,1,2
R_2EyjxA2Ktgdv92b,2,0,3,0,3,0,4,0,0,0,25,0,4
R_1N8MaWkwbeqPhO0,2,0,2,0,2,0,4,0,1,0,33,1,4
R_qKgpckoPG3mgxGh,5,1,5,1,5,1,1,1,1,0,29,1,4
R_uekgMjGHBLHfxHX,4,1,4,1,4,1,2,1,1,0,24,1,3
R_3EZltAlNNXbYtlG,2,0,3,0,2,0,4,0,0,0,44,1,4
R_r2XO1BN5IqSEarL,5,1,5,1,5,1,2,1,1,0,60,0,3
R_3DisXs3PjD2w6NY,5,1,5,1,5,1,1,1,0,0,47,1,4
R_cMfGf37mD7crfpL,2,0,3,0,4,1,3,0,0,0,22,1,3
R_eesYmFL87xry0VP,3,0,3,0,4,1,3,0,1,0,21,1,3
R_1l4DpoQGdftiXhx,3,0,3,0,3,0,2,1,0,1,41,1,4
R_ahrk9dq0mvfAQRH,1,0,2,0,2,0,4,0,0,1,45,1,4
R_10YmWnw7DhGAfxH,3,0,3,0,3,0,3,0,0,0,31,1,4
R_1OrGeiZC3bKzXnk,2,0,4,1,4,1,2,1,1,0,22,0,3
R_1jCgB9g9tCZnt4u,2,0,2,0,2,0,3,0,1,0,27,1,3
R_1QAdkI9AXJ4N858,3,0,2,0,3,0,2,1,1,0,23,1,1
R_33vY7dBva8egrE5,4,1,4,1,4,1,4,0,0,1,32,0,4
R_8j4WsXF0kNWnmtr,3,0,3,0,3,0,3,0,0,0,22,0,3
R_2S1wxQw0P0AvvP6,5,1,5,1,5,1,1,1,0,1,45,1,4
R_2UioDssGDokRwpe,4,1,4,1,4,1,2,1,0,1,32,1,4
R_PO3QxAjZk7saO1H,2,0,3,0,1,0,4,0,0,1,23,1,4
R_5zDqZm6DmKwlYvT,5,1,4,1,4,1,3,0,0,1,33,0,4
R_2RP2HkBVspvT7em,2,0,3,0,3,0,3,0,0,0,23,1,4
R_1cScSyu6eagrbo4,4,1,4,1,4,1,2,1,1,0,34,0,3
R_1lo7GAWWCF0naWg,4,1,4,1,4,1,1,1,0,1,25,0,4
R_2CPaMbin9cJveJO,4,1,3,0,3,0,3,0,0,1,33,1,3
R_1jKilDWapQWLCa8,2,0,3,0,3,0,4,0,0,0,22,1,3
R_27KbyvIcITVHc41,5,1,5,1,5,1,5,0,0,1,28,0,2
R_3JC9JXn40tBK4O4,2,0,2,0,3,0,3,0,1,0,39,1,4
R_2RPuxzDe6qxRleN,2,0,3,0,3,0,3,0,0,0,21,1,3
R_1qh3t868AepgKIH,5,1,3,0,4,1,1,1,0,0,35,1,2
R_6nXI8B7nku6xJXH,4,1,3,0,4,1,1,1,0,1,31,1,3
R_1CqjyXzeowLTrKI,2,0,3,0,2,0,4,0,1,0,29,0,3
R_0PQTRUbdYjzKgcV,5,1,5,1,5,1,2,1,0,1,20,0,3
R_3mA6b34tmohBxwF,4,1,4,1,4,1,3,0,1,0,31,1,4
R_1DprtNXh2Rj7yua,2,0,3,0,3,0,2,1,0,1,23,1,4
R_3sp6ADhwavCcqPe,3,0,2,0,1,0,4,0,0,0,22,1,3
R_TurPQslCbwgwqxr,2,0,2,0,4,1,2,1,1,0,22,1,3
R_ZEPFHc2mzriSp8t,2,0,3,0,2,0,4,0,0,0,23,0,1
R_2Y5KmHR8tzk4sco,2,0,3,0,2,0,4,0,0,0,28,1,3
R_3LhbFby3mC3TCY3,2,0,3,0,2,0,5,0,0,0,23,0,4
R_uyrMmLEUuQhWjnz,4,1,3,0,4,1,2,1,1,0,34,1,2
R_1DFOtHjFf3TbAQD,4,1,4,1,5,1,2,1,1,0,24,0,3
R_1eDz3m4rLvgsMfP,1,0,1,0,3,0,4,0,0,1,33,0,4
R_2rURoxBoshPkq6A,4,1,4,1,5,1,3,0,1,0,31,1,4
R_RLbKUxhhVC7Gf3H,2,0,3,0,3,0,3,0,0,1,24,1,4
R_8ekw6ft53ukiz6h,2,0,2,0,1,0,4,0,0,0,42,1,3
R_22t9jcG8MBZPD7T,2,0,3,0,4,1,3,0,0,0,38,0,4
R_yr4TENJf8xdp4bv,3,0,4,1,4,1,5,0,0,0,30,1,4
R_27BSaUjssAu3wv5,4,1,4,1,5,1,2,1,1,0,46,1,3
R_2ZBwnqIdsfgMDke,3,0,3,0,2,0,3,0,1,0,64,0,2
R_3HT5IL2S0TssQ4Z,1,0,3,0,2,0,1,1,0,1,25,0,3
R_2dYn5ZupRFeKVoM,2,0,3,0,2,0,3,0,1,0,23,0,4
R_2SH6OBt4Yfauvca,1,0,3,0,2,0,4,0,0,0,30,1,4
R_22nT5lOk8RhF3K8,4,1,4,1,4,1,2,1,1,0,44,1,4
R_zU9jeA1bjIRuwvv,2,0,3,0,2,0,5,0,1,0,38,1,4
R_2CPWPllEKTu11lg,2,0,3,0,2,0,3,0,1,0,23,0,3
R_3nIvejEOo1bZmho,2,0,3,0,2,0,3,0,1,0,47,1,3
R_74gTUjW43LoHXu9,2,0,3,0,2,0,3,0,0,1,34,1,4
R_DRUGMaT14nif0kx,3,0,3,0,4,1,2,1,1,0,25,1,4
R_3qm8DD4bOoE3zO5,3,0,4,1,5,1,4,0,0,1,38,0,4
R_1dHpvXTwYv8RsSt,5,1,5,1,4,1,2,1,0,1,36,1,3
R_BslYtxotGFmOmGd,2,0,3,0,2,0,3,0,0,0,36,0,1
R_2XnBWAhQzpTC8RT,2,0,3,0,2,0,4,0,0,0,40,1,3
R_3O2oToPXNUoOu6D,3,0,3,0,3,0,3,0,1,0,20,0,3
R_2AZnuBYaLBMAvCj,1,0,2,0,1,0,4,0,1,0,29,1,4
R_2TYuC3IrnrbCVXA,2,0,3,0,4,1,4,0,0,1,21,1,3
R_3HSR5imaGdFuyA3,3,0,3,0,4,1,3,0,0,1,26,1,4
R_214n1pwgsdafml6,3,0,3,0,3,0,3,0,0,0,22,1,2
R_88lK47zxkrFboDn,5,1,4,1,5,1,1,1,0,1,32,0,2
R_7Nx2Oq5ahg2YNsR,5,1,5,1,5,1,3,0,0,0,29,0,3
R_2D0LExphpMQr3qG,2,0,3,0,2,0,4,0,0,0,52,1,3
R_Dw5y8J3KUcNTrRD,2,0,3,0,2,0,5,0,0,0,27,0,3
R_57Me6omHxxLFsaN,2,0,3,0,4,1,2,1,0,0,24,1,3
R_2rYfb0Q9onMLJAm,5,1,5,1,5,1,2,1,0,1,25,0,3
R_3JgXi7mZ7fagHgR,4,1,4,1,4,1,2,1,0,1,27,0,4
R_2SAngPE5s8iLkvQ,2,0,3,0,3,0,4,0,0,0,35,1,4
R_rq0n6gFDOHF7IaJ,3,0,2,0,3,0,2,1,1,0,27,1,4
R_6JWSyyK8QSpDwlj,2,0,3,0,2,0,3,0,1,0,47,0,4
R_2y2FxotttAyzLy7,5,1,4,1,5,1,2,1,0,0,40,0,4
R_1DCiGEmo9WTei7j,4,1,4,1,4,1,2,1,1,0,22,0,3
R_1GyqiZgvQ3brraI,2,0,3,0,2,0,3,0,0,0,32,0,4
R_2v97eJsWwfoFnOI,4,1,4,1,4,1,2,1,0,0,36,0,4
R_2zUP2WZQuPajRWK,2,0,3,0,2,0,2,1,0,1,31,0,3
R_27ar6Q9DzSKaUOq,4,1,4,1,4,1,2,1,0,1,32,0,4
R_2CeOEPHox4mF1Q4,4,1,4,1,5,1,3,0,1,0,27,0,3
R_b1KD9S3AxlvNurT,1,0,3,0,2,0,4,0,0,0,37,0,4
R_ywJoN7qhTyAXeaR,3,0,3,0,3,0,2,1,0,0,23,1,4
R_1lzQsysJX83w3a4,3,0,3,0,3,0,1,1,0,1,29,0,4
R_BGkgxiib06rbqIp,5,1,5,1,5,1,3,0,0,0,44,0,3
R_3oZwpMK4MB2k5oU,5,1,5,1,5,1,3,0,1,0,26,1,3
R_3HUn1caC1RkEZ1i,5,1,4,1,5,1,3,0,1,0,20,1,3
R_11hEL2an4yGAa1g,4,1,4,1,5,1,2,1,0,1,58,1,2
R_26nL1cj7ifpOvbq,2,0,3,0,2,0,4,0,0,0,28,1,3
R_2VqqurWw8ypwMTv,2,0,2,0,2,0,2,1,0,0,29,1,4
R_3GxJCgm0N8xJi2e,2,0,2,0,2,0,3,0,0,0,28,1,4
R_3ku3h38yRcq06gF,3,0,3,0,3,0,4,0,0,0,26,0,3
R_DtNqmYMUPbLipO1,4,1,4,1,4,1,2,1,1,0,30,1,4
R_1E6C0QbLTSVB4kk,4,1,4,1,3,0,1,1,0,1,26,1,4
R_2xPjdvL8fIDmv3O,2,0,2,0,1,0,5,0,0,0,25,0,4
R_7WZZQNviBCKIpEJ,3,0,3,0,4,1,5,0,0,0,55,0,4
R_3IY93JtjdWnb0Ag,3,0,4,1,4,1,3,0,0,1,25,0,3
R_3DjcDxHG7fhmzpP,4,1,4,1,4,1,2,1,1,0,57,1,4
R_d6dlvrh9z8GjISR,2,0,3,0,1,0,4,0,0,0,44,1,4
R_scgf8XbC6r9JUgV,4,1,3,0,3,0,4,0,0,1,21,0,3
R_cBcXKlAUYM3lTwt,2,0,2,0,1,0,4,0,1,0,30,1,4
R_3241faZrCtlXMz3,3,0,3,0,3,0,2,1,1,0,24,0,2
R_sBEIdreTtSR3nzP,2,0,2,0,3,0,4,0,1,0,27,1,4
R_2xDU32IsJGjViB4,4,1,5,1,4,1,1,1,0,1,21,1,3
R_33C6HqyKDW7DS7K,3,0,2,0,2,0,2,1,1,0,38,1,4
R_3Q7foA3OlTsjXIB,3,0,3,0,3,0,3,0,1,0,30,0,3
R_paqPRG11Zo5OhXP,5,1,4,1,5,1,1,1,1,0,25,0,4
R_2AR65ENBxyjsmUr,4,1,3,0,4,1,2,1,1,0,39,0,4
R_3KZsBJ6qxKYI0eQ,2,0,2,0,2,0,4,0,1,0,66,0,4
R_2BkYSEyLB8GRrVY,4,1,5,1,3,0,2,1,0,1,36,0,4
R_dm0CrPOPtUkhkTX,2,0,3,0,2,0,3,0,0,0,38,1,3
R_332uxr26lliEyEz,4,1,3,0,4,1,4,0,0,0,50,1,4
R_3holOKZePuNjnRW,4,1,3,0,4,1,4,0,0,1,33,0,4
R_1meXaB8kxPDDpMX,2,0,3,0,1,0,4,0,0,1,41,1,4
R_STzxkbdTCHy1ZaF,2,0,3,0,2,0,4,0,0,0,19,1,3
R_1pQgeyy2XNKY6pK,5,1,4,1,5,1,2,1,1,0,36,1,4
R_5unhV4AZDvdVJWp,2,0,3,0,4,1,4,0,0,1,22,1,4
R_9NaWtBFnctmL6Tf,4,1,3,0,4,1,2,1,1,0,21,0,4
R_5d5QcfWaUM6ycrT,3,0,3,0,3,0,2,1,0,1,32,0,3
R_120bJwMjpZsGlgf,1,0,2,0,2,0,4,0,0,0,40,0,4
R_ugeTT2FlkqnpwbL,3,0,3,0,4,1,2,1,1,0,24,0,4
R_268qzX5kb4R5N8B,4,1,3,0,3,0,2,1,0,1,33,0,3
R_2RQdOwpkegjPtZ5,2,0,3,0,3,0,4,0,0,1,40,0,4
R_3Ny3mPxI923gZQY,4,1,3,0,3,0,3,0,1,0,24,1,3
R_2WBTpiqkQ3QbaE0,3,0,3,0,3,0,2,1,0,0,26,0,4
R_2zuvbzWZsO5BCOq,2,0,3,0,3,0,3,0,0,0,23,1,4
R_2Cf7X7vE4lLhfSu,4,1,4,1,4,1,2,1,0,1,24,0,4
R_1dbgd053Rk03idc,2,0,4,1,4,1,4,0,0,1,34,1,2
R_sSdwoRL9IgIdvJ7,4,1,4,1,4,1,1,1,0,0,29,1,4
R_1mVnPILYD3rY4Ok,5,1,5,1,5,1,1,1,0,1,32,1,4
R_XNFlz1bQqmIcPOV,1,0,2,0,1,0,4,0,0,0,33,1,3
R_1LkbAxkLRTaeLla,2,0,3,0,2,0,3,0,0,0,33,1,2
R_3lSRDV10zuVbVFA,4,1,4,1,2,0,2,1,0,1,20,0,2
R_21BrOyEUWAqAEQz,2,0,3,0,2,0,4,0,0,0,25,0,4
R_781DZvpYd2SMlW1,2,0,3,0,3,0,2,1,1,0,43,1,3
R_DSrBit949gvVSgx,2,0,3,0,3,0,4,0,0,1,36,0,4
R_2arUF6KY0YI5Aw8,2,0,2,0,1,0,5,0,0,1,33,1,4
R_2bHMkGnswMwR1Rt,3,0,4,1,2,0,3,0,1,0,23,0,3
R_qXuzJ2W3Htd3Dyh,3,0,3,0,3,0,3,0,0,1,30,0,4
R_2CIoZ38emI3tCRK,4,1,3,0,3,0,2,1,0,1,54,1,4
R_Xh0UeFbBfUuvs6R,2,0,2,0,2,0,3,0,0,1,48,1,4
R_WkBtaPnSr7fgwXD,5,1,4,1,5,1,1,1,1,0,56,1,4
R_2ZOo8NBddsSHFlr,3,0,2,0,3,0,3,0,0,0,27,0,4
R_1IMnFwfCfZqCgQg,2,0,3,0,3,0,3,0,0,1,23,0,4
R_5nmaEF96mrUKPdv,2,0,2,0,3,0,3,0,1,0,34,1,3
R_3FKlPbTkKMsq6ZP,1,0,1,0,1,0,5,0,1,0,47,0,2
R_3MKB4GUIE0djfxv,2,0,3,0,2,0,3,0,1,0,56,0,4
R_1IL8x2jdeLU0LdM,3,0,3,0,2,0,4,0,1,0,19,1,3
R_3J3DWPzELluQOb9,3,0,4,1,4,1,4,0,0,1,26,0,4
R_24CSv9mYxPouOBx,3,0,2,0,5,1,1,1,0,1,21,1,3
R_3PnTOtzpysZA8an,2,0,3,0,1,0,4,0,0,0,24,1,4
R_sH8u6M1Ih1pQnsd,4,1,3,0,2,0,3,0,0,1,27,1,4
R_3dX7w56hcjETWH7,2,0,3,0,3,0,2,1,0,0,20,1,2
R_ZLfjOGafHhDpotj,1,0,1,0,1,0,3,0,0,0,23,1,4
R_VLjkbNtOi0KWSbL,2,0,3,0,4,1,4,0,1,0,22,1,3
R_1rkwX19I1cPsmIC,2,0,3,0,2,0,4,0,0,0,47,1,4
R_3PTW1Gdie4YkJme,2,0,2,0,2,0,2,1,0,1,21,1,3
R_x0owZQryIunqXTz,3,0,3,0,4,1,2,1,0,1,43,0,2
R_2azDw9VtEo7THfs,4,1,4,1,4,1,3,0,1,0,26,1,4
R_OpU3su32aRmnIt3,4,1,3,0,3,0,1,1,0,0,41,0,4
R_2QPWo5I4UsSPhec,4,1,4,1,4,1,1,1,0,0,66,1,4
R_1ImlTKtUTIKG2a3,3,0,3,0,4,1,4,0,1,0,30,0,3
R_3pc0SiuMU5XxGIV,2,0,2,0,1,0,4,0,0,0,21,0,3
R_3D6hHHNsN6epTlE,2,0,3,0,2,0,3,0,0,1,31,0,3
R_9EPPWsm0vEnDZT3,1,0,1,0,2,0,5,0,1,0,29,1,2
R_3svtKPZl7lm2opa,3,0,3,0,3,0,2,1,1,0,41,0,4
R_10xgL5Qp5MRzLvh,3,0,3,0,3,0,3,0,0,0,27,0,2
R_2aJN13D4XRAhTB8,2,0,2,0,1,0,4,0,1,0,38,0,3
R_3HZIcBUXKmdlO3i,4,1,4,1,4,1,2,1,0,1,32,1,3
R_1gbR7Gd24XlIU8x,2,0,3,0,2,0,4,0,0,1,23,1,2
R_WciHs9UjDw8KhQl,5,1,5,1,4,1,3,0,0,1,26,0,3
R_3foYAwZaykqzeHS,5,1,5,1,5,1,1,1,0,1,22,1,3
R_1HpLR46ZsXeak5x,2,0,4,1,2,0,3,0,1,0,33,0,4
R_2YeWjRAOrcbApgP,4,1,4,1,4,1,2,1,0,1,29,1,2
R_3HLDPoIQBn11GaC,2,0,3,0,1,0,5,0,1,0,40,1,4
R_ymdlGNvOpSEoD1D,2,0,3,0,4,1,3,0,0,1,28,1,4
R_3z3uJ2DAHau593H,4,1,4,1,5,1,2,1,1,0,28,0,3
R_2B3WkF2T1B9wXjW,2,0,3,0,2,0,4,0,0,0,47,0,4
R_25LymcM6p0o7uW1,4,1,1,0,2,0,2,1,0,0,33,0,4
R_1pL3f4pEfklEjPD,2,0,3,0,3,0,3,0,0,0,30,1,2
R_1jVCN1SWmVrkZrU,4,1,4,1,3,0,2,1,0,0,33,0,3
R_33s8kGTvsynLf3W,5,1,5,1,5,1,3,0,1,0,21,0,3
R_OBEaDyRVLWHV0Xf,4,1,3,0,3,0,2,1,0,0,54,0,3
R_pcUDrM2L0H5zbjz,4,1,5,1,4,1,4,0,0,0,28,1,3
R_u1UfqLzwqNtXuH7,4,1,4,1,4,1,2,1,0,0,27,0,3
R_3PB21iG1YvzDalT,2,0,2,0,2,0,3,0,0,0,25,1,3
R_1FKujm2UHVWqRmy,4,1,5,1,2,0,1,1,0,1,22,0,4
R_2wh6EAEupZUmLci,4,1,5,1,3,0,1,1,0,1,33,1,3
R_3hnnlgIAo8atWkO,2,0,3,0,4,1,3,0,0,0,54,1,4
R_sFG0AwLJH1xIhOh,4,1,5,1,3,0,2,1,0,1,33,1,4
R_10Mi7dd9QhleaE5,2,0,3,0,2,0,3,0,0,1,24,1,3
R_3j6AGjdPvA4IC32,4,1,4,1,4,1,3,0,0,1,20,1,3
R_vYx3nQa7mA0Wmlz,4,1,3,0,3,0,4,0,0,1,20,1,3
R_33ls3jD98JTeEcx,4,1,3,0,4,1,2,1,1,0,58,0,3
R_1n8EyjZkbxwMurB,2,0,3,0,1,0,3,0,0,1,41,0,4
R_2fxHTZcUioTa1Hw,3,0,2,0,3,0,2,1,0,0,31,1,4
R_XomzxhphGTXuLYt,5,1,5,1,4,1,2,1,0,1,21,1,3
R_1JLYDLFvnNuwdpC,2,0,3,0,2,0,4,0,0,1,34,1,3
R_2eaOFmGQztSWvW6,3,0,3,0,3,0,3,0,1,0,38,1,2
R_1M5Pzz5zLh4zTTY,4,1,4,1,4,1,3,0,0,0,36,1,3
R_1P5A3Bj9Z5iEBvo,2,0,2,0,3,0,3,0,0,0,25,1,3
R_3sApHfBb7RyW8aK,4,1,3,0,4,1,3,0,0,0,22,1,3
R_1jxP8U0T3F4kROa,4,1,3,0,4,1,3,0,1,0,28,0,4
R_ZIa1FDOsaoCZKeJ,1,0,2,0,1,0,4,0,0,1,26,1,4
R_5c1lJGGz1ypbqFP,2,0,3,0,2,0,4,0,1,0,27,0,4
R_2xQWj5An2baqlEd,2,0,3,0,2,0,4,0,1,0,19,0,3
R_3262FOu2m2L8KAx,2,0,3,0,2,0,3,0,0,0,41,1,4
R_1ooKw1wHIvUCvr6,4,1,4,1,5,1,2,1,0,1,56,0,3
R_cA2XW1CWXesWt7H,3,0,4,1,4,1,2,1,0,1,25,1,4
R_2waazF22qMiQmIt,4,1,4,1,4,1,3,0,0,1,27,1,3
R_27VAl7lj4LleGut,4,1,4,1,2,0,4,0,1,0,35,0,4
R_2QAm3SnzyYYtAz6,4,1,4,1,3,0,2,1,1,0,41,1,4
R_1F4D3EcDdhGtCEi,2,0,3,0,2,0,2,1,0,0,32,0,4
R_2Br3tshCkurixJq,4,1,3,0,3,0,3,0,0,1,34,0,4
R_1oHhgKS5HkjX4gS,2,0,2,0,3,0,3,0,0,0,29,1,3
R_3qwgtGVvHJaHpmq,5,1,5,1,5,1,3,0,0,1,25,0,4
R_bjbipIdTO3IAMyp,2,0,2,0,2,0,5,0,1,0,21,1,3
R_1DvcDz9uNUUI3J5,1,0,3,0,1,0,4,0,0,0,34,1,3
R_111GiQxxQGoePME,4,1,3,0,4,1,3,0,1,0,23,0,2
R_2SGOZTdq3hrMwXw,5,1,5,1,5,1,2,1,0,1,32,1,2
R_3IbBDG9bTRmOshE,2,0,3,0,1,0,3,0,0,1,24,1,2
R_3s6QV3Zy00PhMY4,4,1,4,1,5,1,2,1,1,0,35,1,4
R_10ZUiZniAI3zbJg,3,0,3,0,3,0,3,0,0,0,33,0,2
R_12R5xOLuESpKlhi,2,0,3,0,3,0,3,0,0,0,33,1,3
R_OBWR5D2yOQ9p2CZ,1,0,2,0,1,0,4,0,1,0,22,1,2
R_1QcRCohHP0dttA3,4,1,3,0,3,0,4,0,1,0,36,1,2
R_NW8K3te8Xo1JHhf,1,0,1,0,1,0,5,0,0,1,42,1,3
R_O7MgJ5Mi9eYwSxH,5,1,3,0,3,0,1,1,0,0,48,1,3
R_2rkYxzctCCEzzVI,2,0,3,0,3,0,4,0,0,0,40,0,4
R_1QGhYQeUbk7iRHi,2,0,3,0,2,0,4,0,0,1,43,1,4
R_R2jA2STyoAXRTAB,2,0,2,0,1,0,4,0,0,0,25,0,4
R_3g28wfErtpvyJoy,3,0,3,0,3,0,2,1,0,1,33,0,4
R_RDM1gTjDp4toJKp,4,1,4,1,4,1,2,1,0,1,25,1,4
R_BSyhaTArEH4PGwh,4,1,4,1,4,1,2,1,1,0,52,0,3
R_2dJTm7xkgq1Rfhw,4,1,4,1,4,1,2,1,0,1,29,1,3
R_UxUkGjfJxDWEgIp,3,0,3,0,4,1,2,1,1,0,54,1,4
R_26liSJArpTaZXub,4,1,4,1,3,0,4,0,1,0,34,1,4
R_1Oq8DsGeJydauFv,5,1,5,1,5,1,3,0,1,0,48,1,4
R_3Pi9S3bXp2RLdFf,4,1,3,0,4,1,2,1,1,0,30,1,4
R_1mCokKKMrStHEFE,2,0,3,0,3,0,4,0,0,0,30,1,2
R_3kujsBf1MUUF0vS,2,0,3,0,1,0,4,0,0,0,40,1,1
R_3k1VUtFYVFDQeMZ,4,1,4,1,1,0,2,1,0,1,71,1,3
R_2DZyolSS9rs5FYL,5,1,4,1,5,1,1,1,0,1,30,1,2
R_2TRUYFaI3X51NMy,2,0,3,0,4,1,4,0,0,0,24,1,3
R_3HpNk4QqoTzaAV2,2,0,3,0,2,0,4,0,1,0,35,1,2
R_1mqI4aMBbAkUDAT,3,0,3,0,2,0,4,0,1,0,38,1,2
R_1irpGjn3ZFqcKZ2,5,1,4,1,5,1,2,1,0,1,24,0,4
R_1ITAQ9aByqRqtpy,2,0,3,0,2,0,3,0,1,0,28,0,4
R_2QgIMLQ7QNT2zI0,1,0,2,0,2,0,4,0,0,0,63,1,2
R_2bOdzKtFlnVjto1,2,0,3,0,3,0,3,0,0,0,30,1,4
R_XGqjVa43r515hip,2,0,3,0,2,0,3,0,0,0,34,1,4
R_2wHpeimUUruUE3k,1,0,1,0,2,0,3,0,1,0,54,1,4
R_31aPZkCvvLMpqyA,2,0,2,0,3,0,4,0,0,0,26,1,3
R_Df94C0F3LmGBZGF,3,0,3,0,4,1,3,0,1,0,42,1,3
R_1kOiElExpEZ0wnx,4,1,3,0,4,1,3,0,1,0,57,0,3
R_12ygf3Qzs7htxDl,5,1,5,1,5,1,1,1,1,0,46,0,1
R_2rlkFOpH2AufSBl,2,0,2,0,2,0,4,0,0,0,25,1,4
R_1juAOSwCNNrqvyz,4,1,4,1,4,1,3,0,1,0,47,0,3
R_296uezcTweCgAN7,4,1,3,0,2,0,4,0,0,0,24,0,4
R_2cdvz2Y90p5nGRb,4,1,5,1,4,1,2,1,0,0,50,0,3
R_1hze3LjH2vRwWnH,3,0,4,1,2,0,3,0,1,0,25,0,4
R_yI6OWUBblELYqgF,4,1,5,1,4,1,3,0,0,1,47,0,3
R_3HvKpeO6q1N2Ob9,5,1,4,1,4,1,1,1,1,0,60,0,4
R_VIocgIpCypptxzX,4,1,3,0,4,1,2,1,0,1,69,0,4
R_1rJIYEWxV7isM4J,2,0,3,0,3,0,3,0,0,0,27,1,2
R_eXVTCVh6qn1903v,1,0,1,0,1,0,2,1,0,0,47,0,4
R_8BtTqoWiTtnkIfj,3,0,3,0,3,0,2,1,0,0,30,0,4
R_2ahn1byHYMR6Tt7,3,0,3,0,4,1,2,1,1,0,31,0,4
R_12yY8BYn2Rjz45l,3,0,3,0,4,1,3,0,1,0,25,0,3
R_2R369d6pha469Qk,4,1,2,0,2,0,3,0,1,0,29,1,3
R_xtniy4sLXxyatAB,4,1,4,1,5,1,4,0,0,0,28,1,4
R_3k7KjbrDiUmnVCb,4,1,4,1,4,1,2,1,1,0,44,0,4
R_DHTSZBj4Zie4kpz,3,0,4,1,3,0,3,0,1,0,24,1,4
R_2vY7J2Aku4vgs0k,4,1,5,1,5,1,1,1,0,1,42,1,4
R_bQHugDDKw83sWgF,2,0,3,0,2,0,3,0,0,1,39,1,4
R_Tt5OU4xN2A3dwel,2,0,2,0,4,1,2,1,0,0,45,0,4
R_22ocyrQOeMbBsZy,2,0,3,0,2,0,4,0,0,0,34,1,4
R_1KeX931Eaz0crWE,4,1,5,1,4,1,1,1,0,1,29,0,3
R_cFQ6J7iZCe5jubD,1,0,2,0,4,1,4,0,0,0,32,0,3
R_115xXYy940CU3d5,3,0,3,0,2,0,3,0,0,0,26,1,1
R_eDQ4YfoM6Hc5MjL,4,1,5,1,4,1,2,1,0,1,26,0,3
R_3qsuJSE1bJJfEm0,3,0,3,0,5,1,2,1,1,0,34,0,3
R_3hH1rNkLnelRy4r,4,1,4,1,4,1,2,1,0,1,33,0,4
R_d5RkFoBmFY2hfI5,3,0,3,0,2,0,4,0,0,0,24,1,4
R_ptl9VlQQkcuqeXL,2,0,3,0,2,0,3,0,0,1,58,0,3
R_2dBlKodS8ElYIjx,4,1,3,0,3,0,4,0,0,0,26,1,4
R_3gOD1LWLSt7F10K,5,1,5,1,5,1,2,1,0,1,22,0,3
R_Oe6hDtBhVIfGvAJ,3,0,4,1,4,1,2,1,1,0,24,0,3
R_DbHqGdxv01COuaJ,5,1,4,1,4,1,2,1,0,1,51,0,4
R_3qyaXzqComp1gtf,4,1,3,0,4,1,2,1,1,0,49,0,4
R_a2EKyTdhveCNleN,4,1,4,1,4,1,3,0,0,0,25,1,3
R_1Ok0c0scNYfErxy,2,0,3,0,2,0,4,0,0,1,29,0,4
R_1rDhiMtgGWQSvwq,5,1,5,1,5,1,1,1,1,0,21,1,4
R_1kXgHNENuGJe7Pk,2,0,3,0,3,0,5,0,1,0,31,1,4
R_2SIAyxu2nnzjO0n,1,0,3,0,3,0,4,0,1,0,28,1,2
R_1PcUHwsMdR9nbql,2,0,3,0,2,0,3,0,0,1,48,1,3
R_1eCUpVWUghiO38B,2,0,3,0,3,0,4,0,0,1,23,0,4
R_2QYusM8W8SRDq6Q,2,0,3,0,1,0,4,0,1,0,40,1,3
R_2S6LLbZ2gaAJPqj,2,0,3,0,2,0,4,0,1,0,38,1,4
R_27NFreEs52it4pa,2,0,2,0,2,0,4,0,0,0,36,1,2
R_1DUavoEsAqy5vHB,2,0,3,0,3,0,2,1,0,1,48,0,4
R_3PRmOF4ww0hOteo,4,1,5,1,4,1,1,1,1,0,28,1,3
R_3KpGwJ4ZUWrB3en,4,1,5,1,4,1,3,0,1,0,31,0,4
R_1qdHNfce6tqvXAr,5,1,5,1,5,1,1,1,0,1,39,0,2
R_3Ea45oePXwoxLNe,2,0,2,0,2,0,3,0,0,1,23,1,3
R_10CRP9amxqzk9ce,4,1,3,0,4,1,2,1,1,0,46,0,3
R_3LconYq8XqxQS3E,3,0,3,0,2,0,2,1,1,0,24,1,4
R_2xMdWWLQq2UHLQ7,1,0,2,0,4,1,2,1,1,0,36,1,3
R_9zCchvCoW3Y4edz,2,0,3,0,3,0,3,0,0,0,43,0,4
R_3nwjUOVfgIyA0qI,3,0,3,0,3,0,2,1,1,0,37,1,4
R_1FfzRnfIB59DYlf,4,1,5,1,4,1,2,1,0,0,30,1,4
R_2fljazD5id3o0lD,4,1,3,0,4,1,1,1,0,0,55,0,4
R_0MWTUwV9UHIWi3L,4,1,5,1,4,1,2,1,0,1,36,1,4
R_3QMkGCi649FGloQ,1,0,3,0,1,0,5,0,0,0,38,1,4
R_1rrcH24tI3oMsxR,2,0,3,0,3,0,4,0,1,0,28,1,4
R_cTOxATDzWsogNgt,4,1,4,1,4,1,2,1,0,0,65,0,4
R_3lsJ7TiAbbmf7yP,5,1,5,1,5,1,1,1,0,0,30,0,4
R_zU1CNcS3qTvC3KN,5,1,5,1,5,1,1,1,0,0,38,0,4
R_1ookTZD7DDTOEeb,3,0,3,0,3,0,3,0,0,1,36,0,2
R_1hYmYMRPpRAhtoa,4,1,4,1,4,1,4,0,1,0,24,0,4
R_AhV6CDMn9b8FJoB,2,0,3,0,2,0,4,0,1,0,31,1,4
R_9FGVHhFXPRRj0g9,2,0,3,0,3,0,4,0,0,0,29,1,4
R_3qJXfVdnrxrPZhd,1,0,1,0,1,0,5,0,1,0,23,1,3
R_x8UU0IrMkRoEWbf,2,0,3,0,3,0,3,0,0,1,32,0,4
R_1ddco9sjD20TNoV,2,0,3,0,3,0,4,0,0,0,35,1,4
R_5AxqtxvLlW2Khk9,5,1,5,1,5,1,2,1,1,0,52,1,4
R_3kuBdF47lpS5kRv,3,0,3,0,2,0,3,0,1,0,37,1,3
R_2YSbeXWlec2u0Hs,5,1,4,1,4,1,2,1,0,1,59,1,4
R_elGSiXk2mZvhqaV,4,1,4,1,4,1,2,1,0,1,38,1,4
R_vf67oOvB2oAjgqd,5,1,4,1,4,1,2,1,1,0,36,0,4
R_dhcPvCrkeA0NPwZ,4,1,5,1,5,1,4,0,0,0,31,1,4
R_2YfCKXskrQZ0gVg,5,1,5,1,5,1,1,1,0,0,62,0,3
R_8hOw5fVz2z1UYql,5,1,3,0,4,1,1,1,1,0,26,1,4
R_3CTznGdHpwB3GJI,3,0,3,0,1,0,5,0,0,0,23,1,3
R_3HB19Dg0cCcp7hM,2,0,3,0,2,0,3,0,0,1,48,1,4
R_3lPptQsYngLCSFG,4,1,4,1,4,1,2,1,1,0,25,1,3
R_1ONwxBNOGGA3I0u,1,0,3,0,3,0,4,0,0,0,28,1,4
R_2wTRVgXhByVQRIg,5,1,4,1,5,1,2,1,0,1,25,1,4
R_3O7ELZQoIcwP1Fi,3,0,3,0,4,1,2,1,0,1,57,0,4
R_2xM28N4Eu6HtzPa,2,0,3,0,3,0,4,0,0,0,34,0,4
R_e4dBPxHKd6BeC1b,5,1,5,1,5,1,3,0,0,1,25,0,4
R_phrdsgjL9rbeopP,2,0,3,0,4,1,2,1,0,1,20,1,3
R_9NtEPfrhtvf24il,3,0,3,0,3,0,4,0,0,0,25,1,4
R_2X6BvKviCJDKnju,3,0,3,0,3,0,4,0,0,0,27,1,3
R_ufsq5DAaghcRwnT,4,1,5,1,4,1,2,1,0,1,56,0,2
R_1mqoKEYfCpkn8vj,2,0,3,0,3,0,3,0,1,0,49,0,4
R_3qvtVIe2UH48E0M,4,1,5,1,5,1,2,1,0,1,35,1,4
R_1f3i9uSDEZGeGAO,3,0,3,0,3,0,2,1,0,0,27,1,4
R_6fLTG7F3QyR5Yop,2,0,2,0,3,0,4,0,0,0,34,0,2
R_29hLHCbzQeugTkg,4,1,4,1,4,1,3,0,0,1,42,0,4
R_6xJS2cdItr9FH1L,4,1,4,1,2,0,4,0,0,1,28,0,4
R_3Kr23MlpSDGJHrs,4,1,5,1,5,1,2,1,1,0,27,0,4
R_1K1hmUDMdpld3Lz,4,1,3,0,5,1,1,1,0,0,30,0,4
R_1d3KQPk8cmePCYP,4,1,4,1,5,1,2,1,0,1,54,0,2
R_PtetWIvwAQBMC9H,2,0,3,0,3,0,3,0,0,1,22,0,4
R_2e5nEjIwToW6pUP,4,1,5,1,4,1,2,1,0,0,23,1,4
R_3EXdn6SbXOpcd97,5,1,5,1,5,1,2,1,1,0,31,1,3
R_qDyYxmKJPXsYD3H,2,0,3,0,4,1,4,0,1,0,21,1,3
R_2Y9SNpSynDxfOsS,4,1,4,1,4,1,2,1,0,1,31,0,2
R_u1vBSJynlv7PwkN,5,1,4,1,4,1,2,1,1,0,37,1,2
R_8nOMcIAwO0z5l9T,3,0,3,0,4,1,4,0,0,1,28,1,3
R_3EG4y3CZOfurYiB,4,1,4,1,4,1,2,1,1,0,36,0,4
R_3NJrIRIHgj1uLrj,1,0,3,0,1,0,4,0,1,0,50,1,4
R_1ie2TMQrZTmdbOu,2,0,3,0,2,0,4,0,0,0,32,1,4
R_1Dwj2y29zfnbAoJ,1,0,2,0,2,0,4,0,0,0,27,1,4
R_1d4x1SFnIOieyIe,4,1,4,1,4,1,3,0,0,0,42,0,4
R_3KvIiO02E4XOeX4,4,1,4,1,4,1,2,1,0,1,22,0,4
R_3JL6QgKI4MwEaac,5,1,5,1,5,1,3,0,1,0,23,1,2
R_1hXUbwhgZZkOOgd,5,1,4,1,5,1,3,0,0,1,26,1,2
R_1d6Qzsjqi4YcLI7,5,1,5,1,4,1,1,1,1,0,38,0,3
R_12rHYJYpnX5HdHQ,2,0,3,0,2,0,2,1,0,1,53,0,2
R_2uNHmwCPjiArtif,3,0,3,0,3,0,2,1,0,0,52,0,2
R_3fw4HV5Ava9eRRC,4,1,5,1,5,1,4,0,0,1,53,1,2
R_2YJwXxvusSQEE2c,3,0,3,0,3,0,4,0,1,0,22,0,4
R_1rjKDWIFL1iAx65,4,1,5,1,4,1,3,0,1,0,21,1,2
R_3sdlBqGzOZoV4Nn,4,1,4,1,4,1,1,1,0,0,50,1,4
R_3g0hZKbhQcakMOo,4,1,4,1,3,0,3,0,1,0,36,0,4
R_2dFo9cswParYzw6,2,0,3,0,2,0,4,0,0,0,26,0,3
R_9WDjNM1jYBUeLYd,1,0,2,0,1,0,5,0,1,0,52,1,3
R_71HhcVmqzaxmTLz,2,0,3,0,2,0,3,0,0,0,28,0,3
R_2fczXtXWQ8n5DXO,2,0,3,0,2,0,5,0,1,0,29,1,2
R_3KSXEYDgl9CSZ86,3,0,3,0,2,0,2,1,0,0,31,0,3
R_9oAxidecKooWqjf,3,0,4,1,4,1,1,1,1,0,25,0,4
R_1OoGrzPOLfMq7TA,4,1,4,1,4,1,2,1,1,0,35,1,4
R_6PR7z1dQ5qrzWMx,4,1,4,1,5,1,1,1,1,0,27,1,4
R_2awSARoVAe58cKq,3,0,3,0,4,1,3,0,0,1,29,1,3
R_3emBKrSFW2hMDvz,2,0,3,0,4,1,3,0,1,0,30,0,2
R_eznysZWudDGAIYZ,5,1,4,1,5,1,1,1,0,1,50,0,4
R_21cAQGaii5W6dRT,2,0,3,0,3,0,5,0,0,0,27,0,3
R_PZpOt78UMhcljcl,2,0,2,0,1,0,4,0,1,0,25,1,3
R_1CjT7EnyxQqhAon,2,0,2,0,2,0,4,0,0,1,31,0,3
R_eQlSEgrEyA744g1,2,0,3,0,2,0,4,0,0,0,64,1,4
R_30q23yWkMEsSWEz,2,0,2,0,2,0,3,0,1,0,23,0,3
R_3j8uFQuiUnb4x62,2,0,3,0,3,0,4,0,0,1,30,1,3
R_AzVQGILMAMTzAm5,4,1,4,1,4,1,2,1,1,0,29,1,4
R_2S9n4icGoP6k8CD,4,1,4,1,3,0,4,0,1,0,25,1,4
R_2ay8lFG3xY7sERf,2,0,3,0,2,0,2,1,0,0,31,1,4
R_u3qnUXqcPKafnfr,1,0,2,0,1,0,5,0,0,1,69,1,4
R_3QXYAOMzI75mhGH,4,1,4,1,5,1,1,1,1,0,40,1,4
R_10YNH521E90RDp6,3,0,3,0,3,0,4,0,0,0,35,1,4
R_XSr7Z7vyE2ocqoF,2,0,3,0,2,0,3,0,1,0,35,0,3
R_2Cj2Waqx01Nq8Cx,4,1,4,1,4,1,2,1,0,1,33,1,2
R_2YM2jlhQHm8HiRq,2,0,2,0,4,1,4,0,0,1,29,0,4
R_1NalQtGikY7trWO,5,1,5,1,5,1,2,1,0,1,30,1,3
R_BrLd5CnjxK1O76N,5,1,5,1,5,1,2,1,0,0,24,0,2
R_4PCa4S1GrTkvc7T,5,1,4,1,5,1,2,1,0,0,42,0,3
R_1FlFwGRCai5ZBDl,3,0,3,0,3,0,3,0,0,1,26,1,3
R_1g2t2E5P0ihbs3s,4,1,3,0,2,0,2,1,0,1,24,0,4
R_Buf74Vw0g7iAz2p,3,0,4,1,4,1,2,1,0,0,26,1,2
R_3M389sN7IxumEEJ,2,0,2,0,1,0,4,0,0,0,48,1,3
R_3gNL8eHz2pr2v6p,3,0,3,0,4,1,3,0,1,0,30,1,4
R_1IoQMv7XznSmBGI,5,1,5,1,5,1,1,1,0,1,25,1,3
R_3j7hWbBWvyVRHEE,4,1,4,1,4,1,1,1,0,1,22,0,3
R_10x8lqijTEsjKTD,2,0,2,0,2,0,3,0,0,0,59,0,4
R_XRKKqnhh94Al4Xf,2,0,2,0,2,0,4,0,0,0,36,0,4
R_Q0OawIEhflSCDjX,4,1,4,1,4,1,2,1,0,0,46,0,4
R_sKXBWjPolfEWDrb,3,0,4,1,4,1,2,1,0,0,26,0,2
R_3ElNga0k1Cfoo7W,4,1,5,1,5,1,2,1,0,1,50,0,4
R_2VI9bfFI8nIAFlU,3,0,3,0,3,0,4,0,0,1,41,1,3
R_0DIo0ukul9sNqiB,4,1,4,1,4,1,3,0,0,0,33,1,3
R_DpiokDG33fEtAjv,5,1,5,1,5,1,2,1,0,0,54,0,4
R_10wMyuG27JC9F2V,2,0,3,0,1,0,4,0,0,1,47,0,4
R_3haxwwdDfr7RrtA,4,1,3,0,3,0,4,0,0,1,27,1,4
R_128QIVUniFfj1eH,4,1,5,1,4,1,4,0,1,0,52,0,3
R_2zr2yypL5twLheE,2,0,2,0,3,0,4,0,0,1,24,0,4
R_RqqWPA7EYWKUvVn,2,0,2,0,3,0,2,1,0,0,29,0,4
R_1OpferWhXjheG8u,4,1,3,0,5,1,1,1,1,0,33,1,2
R_RgFAelhPsD7ZgVb,1,0,3,0,2,0,4,0,1,0,33,1,2
R_27J4iOHSlT5D7Oa,2,0,2,0,3,0,2,1,1,0,28,0,4
R_2cpZNHxjLqZCrNP,4,1,4,1,4,1,3,0,1,0,20,0,3
R_2yjb2Qxx2tPWuul,3,0,4,1,5,1,2,1,1,0,65,0,4
R_1Fnuern5secwgjD,2,0,3,0,4,1,5,0,0,0,68,0,4
R_2DMK2VpDwxewsv4,4,1,4,1,3,0,3,0,0,1,29,1,2
R_1cSa2J7BGboTsIp,2,0,3,0,2,0,4,0,0,0,47,0,4
R_3FQbp5BxUeKooOJ,4,1,4,1,4,1,2,1,0,1,24,0,4
R_3wqCfDdVgK8JoNH,5,1,5,1,5,1,3,0,0,1,26,0,4
R_3De8bdCAABFQzV8,4,1,3,0,4,1,2,1,0,1,53,0,2
R_2sT3Jajqs1f2Q3u,2,0,4,1,5,1,4,0,0,0,37,0,4
R_1NgeexGlfsV7QzT,3,0,4,1,3,0,2,1,0,1,42,0,4
R_1CjTkZH0zIG5XSb,2,0,2,0,2,0,4,0,0,0,34,0,3
R_cSY2LlOhEEVxWGB,4,1,4,1,4,1,1,1,0,1,46,1,4
R_3iVfEip1QNLDnBn,3,0,4,1,4,1,2,1,0,0,36,1,2
R_yJTKCGugDbSbqqB,2,0,3,0,2,0,5,0,0,0,21,0,3
R_1lczQ9FS7W7EjFY,3,0,3,0,4,1,2,1,0,0,41,0,3
R_6EEWw1AgymzkaMF,2,0,3,0,2,0,4,0,1,0,35,0,4
R_276Yj3QsuVHPM0v,5,1,4,1,5,1,2,1,0,0,54,1,4
R_2WxwAWpHQKRyYXl,4,1,4,1,3,0,3,0,1,0,30,0,4
R_3NNTRZT281xfdmC,2,0,3,0,2,0,4,0,0,0,42,1,4
R_AnDtEDSgYLvh7Q5,2,0,3,0,4,1,3,0,0,1,29,1,3
R_OH931efpEnqGxMJ,4,1,4,1,4,1,2,1,0,0,56,1,4
R_3NWf1CkGk1CQEvy,4,1,4,1,5,1,2,1,0,1,34,0,4
R_1FFHonx7fLFtw5t,4,1,4,1,5,1,2,1,0,1,36,1,4
R_1IgFXbdJHFxpQy4,2,0,3,0,3,0,4,0,1,0,25,1,3
R_3CHDxhCs42tdapq,2,0,3,0,2,0,2,1,0,1,31,1,4
R_2E0RftbIeF0Tkik,2,0,2,0,2,0,4,0,1,0,46,0,3
R_2c7LBMx9rfLgYSo,2,0,3,0,2,0,4,0,0,0,46,1,4
R_eKdBrjpWqpEU9JH,3,0,3,0,3,0,3,0,1,0,24,1,3
R_3kh8aig79NErHXW,4,1,3,0,3,0,3,0,1,0,22,1,3
R_ebUFLj1paQUZmV3,4,1,4,1,5,1,3,0,1,0,31,1,4
R_3QRgs6q2Ok5Y6EM,5,1,5,1,4,1,1,1,0,1,42,0,4
R_2E13fW5Kz0cB1Rl,4,1,4,1,4,1,2,1,1,0,46,0,3
R_6JoLIA4uZWLr7oZ,4,1,4,1,4,1,2,1,0,0,66,0,4
R_yro2VWqhvioqKZj,2,0,3,0,3,0,2,1,1,0,33,1,4
R_0IWXjvXs0sE59u1,4,1,3,0,3,0,2,1,0,0,61,0,2
R_26nKWDsxnWj53hS,2,0,3,0,3,0,2,1,0,1,58,0,4
R_3Oe86eMa4fhSO5r,3,0,3,0,3,0,2,1,0,1,26,0,4
R_1eQPswsVnCAlA6q,3,0,3,0,3,0,3,0,0,0,63,0,3
R_2qwuc6heYQOMe33,3,0,3,0,4,1,3,0,0,1,48,0,4
R_23VMDhqonNztBno,2,0,3,0,2,0,2,1,0,1,25,0,3
R_1NeoO6kom4mlQtk,5,1,5,1,5,1,2,1,0,1,30,0,4
R_3RvEFrZTU27iSUh,3,0,1,0,2,0,4,0,0,0,31,1,4
R_2Xih2QiT9op3MOi,4,1,4,1,4,1,2,1,0,1,35,0,3
R_RFaSt6QjYaRIU0N,2,0,3,0,3,0,3,0,1,0,31,1,2
R_24NlIGG1OswIda3,3,0,3,0,4,1,1,1,0,0,37,0,2
R_3PcTOg3SF0HNvoU,4,1,4,1,4,1,2,1,1,0,28,1,3
R_po4wMcMwYwQj2aB,5,1,3,0,3,0,2,1,0,1,23,1,4
R_9oUefuynrccy0V3,1,0,2,0,4,1,2,1,1,0,25,1,3
R_SZzqLWBjJE5l5fz,2,0,3,0,2,0,3,0,0,0,44,1,4
R_1LvZ9MQcZDB6Ifi,4,1,4,1,4,1,2,1,0,1,25,1,4
R_12EhjTmA1qwJcqP,1,0,1,0,2,0,4,0,0,0,30,0,3
R_2WIilkbJM5RMv3T,2,0,3,0,3,0,4,0,1,0,31,1,4
R_1pYZKfez2BFOn9r,4,1,5,1,5,1,5,0,1,0,40,0,2
R_1KkGEelKO3IPgix,2,0,3,0,2,0,3,0,0,0,27,0,4
R_cGhpbfrdYzlowRX,4,1,4,1,2,0,1,1,0,1,39,1,4
R_3m9Q5iUgnnDzODn,2,0,2,0,2,0,4,0,0,0,28,1,4
R_ZFfLaINPMvxXf4R,3,0,3,0,3,0,3,0,1,0,40,0,4
R_1LvUYl9hREjqSO9,1,0,1,0,1,0,5,0,0,0,38,0,4
R_qVnKUm1O0qIT2H7,1,0,1,0,5,1,5,0,1,0,50,0,3
R_3G8Qt0m5uSVf1nU,2,0,3,0,2,0,5,0,1,0,19,1,3
R_3iqkfeq1rKqEjiq,4,1,3,0,4,1,5,0,0,1,55,0,4
R_1OqSvTfXu4TBsHg,4,1,2,0,2,0,4,0,0,0,24,1,4
R_rjPgOqnwnmsAqpH,2,0,3,0,2,0,5,0,0,0,30,1,4
R_3HSpFPfXJsJISML,4,1,4,1,4,1,3,0,1,0,25,1,4
R_zbNY6UeQp6s2Q5b,3,0,3,0,4,1,2,1,0,1,21,1,3
R_3PpkW68696aiSjY,4,1,3,0,3,0,3,0,0,1,31,1,4
R_3pKnIygTEPy1Q9v,1,0,2,0,2,0,3,0,0,1,31,0,3
R_1gqE84E7PbXP5zb,3,0,3,0,2,0,4,0,0,0,45,0,4
R_10MCaZQM50M77Tj,2,0,3,0,2,0,4,0,1,0,26,1,4
R_2dmBd6zqm5sk6it,4,1,4,1,4,1,2,1,1,0,23,0,3
R_1lt0vMvpYjTvx4y,3,0,3,0,3,0,3,0,0,1,32,1,3
R_1PRghRLSVfEU3Vj,2,0,3,0,2,0,3,0,1,0,26,1,4
R_8HMSn2C9WPP1mpD,2,0,3,0,3,0,4,0,0,0,61,1,4
R_23WrZ4B3MIWGJmw,2,0,3,0,3,0,3,0,0,1,40,0,4
R_1f327aKIN3F9fBu,4,1,3,0,4,1,3,0,0,0,54,0,4
R_RC8SHGDfiRsK2TT,3,0,3,0,3,0,3,0,1,0,28,1,2
R_eA2r1PWeZUFvTTX,4,1,4,1,4,1,2,1,1,0,26,1,4
R_1IfTXS6xkhYkHZa,5,1,4,1,5,1,1,1,0,1,24,1,3
R_3OeUimzJyKkY95Y,3,0,3,0,3,0,4,0,0,0,27,0,4
R_2Qs6iq7c1b7AgKu,4,1,4,1,5,1,2,1,0,1,32,1,2
R_2drW04gBgYw1CsF,2,0,3,0,3,0,4,0,1,0,35,1,4
R_25Lvi58mx3zQHPQ,4,1,4,1,4,1,4,0,0,0,22,0,4
R_1geCTN20hGx5qGC,1,0,1,0,1,0,5,0,0,0,55,0,2
R_exKUPHGU2kccXcd,2,0,2,0,3,0,3,0,0,0,49,0,4
R_wYjGka1LG4NDDu9,2,0,3,0,3,0,3,0,0,1,34,1,4
R_33wmtfHMLtub8OV,2,0,3,0,2,0,2,1,1,0,27,0,4
R_1QnGmWA9LZ4OLBj,1,0,2,0,2,0,4,0,0,0,21,1,3
R_egJjMG7UrTW5XNv,2,0,2,0,2,0,3,0,0,1,36,1,4
R_QaEk4eAADOKov8R,4,1,3,0,5,1,2,1,0,1,32,0,4
R_2QyzdiN2yNYvo60,5,1,5,1,5,1,1,1,0,0,26,1,4
R_33dKMdHV2Q7P27s,2,0,2,0,2,0,2,1,1,0,31,1,3
R_2an5nkTv73vDsks,2,0,2,0,2,0,4,0,0,0,32,0,4
R_2wLz8ChXhcZCvcj,1,0,2,0,2,0,4,0,0,0,28,1,3
R_1H7ZMnqNmdtS5tw,1,0,2,0,1,0,5,0,0,1,60,1,3
R_2rVfh1FbWK5VUtc,2,0,3,0,1,0,3,0,1,0,36,0,3
R_2uNDfzJYVSjhIgb,1,0,1,0,1,0,2,1,0,1,28,1,4
R_3NyXqZSPoCWKBqZ,4,1,4,1,4,1,4,0,1,0,28,1,3
R_2B40hdDthzjQTFO,4,1,4,1,4,1,3,0,1,0,50,0,3
R_2fm1baX2VQK4txH,2,0,3,0,2,0,3,0,0,1,22,1,2
R_2b1NQpcFl7AmTK0,2,0,3,0,2,0,4,0,0,0,32,1,4
R_sHgiJDu57wj1xhT,2,0,3,0,3,0,2,1,0,0,26,1,4
R_pnEs8H3Dgi5XmG5,4,1,3,0,4,1,2,1,1,0,37,0,3
R_217LUeu4pE1h41E,5,1,4,1,5,1,1,1,0,1,49,1,3
R_9YadjIu18GHCr0l,1,0,2,0,1,0,4,0,0,0,32,0,4
R_22Kej120qX1lkJC,2,0,3,0,4,1,3,0,1,0,24,1,2
R_egJuag84CSajR6N,3,0,3,0,2,0,2,1,0,1,27,1,4
R_2ffzx5jwlSbV4Ry,4,1,4,1,4,1,3,0,0,1,45,1,4
R_2ATIlqo2j6PdajM,3,0,3,0,3,0,3,0,1,0,29,1,4
R_1mztcnr3kIGzf8f,2,0,3,0,2,0,4,0,0,0,48,1,3
R_1OwrLn5W6Itgt9j,3,0,3,0,5,1,2,1,0,0,45,0,4
R_1lfPnnIjotc6Vbv,4,1,4,1,4,1,3,0,1,0,33,1,4
R_1FRrzW9pWEgcj8N,1,0,3,0,3,0,5,0,0,0,40,1,4
R_3pcpXkBTLiRz1oG,4,1,4,1,4,1,3,0,0,1,40,1,4
R_1jwtO2wN6sMSeEb,2,0,3,0,1,0,4,0,0,0,43,1,3
R_3rM3yqXWgoKEZT6,4,1,4,1,4,1,2,1,0,1,27,0,4
R_2qgWduYRXBmiG9O,4,1,4,1,4,1,2,1,0,0,42,0,4
R_2Cf6BCjmUPKOO5D,1,0,1,0,1,0,4,0,0,1,38,1,2
R_2Cgqbz2aVY6DKsg,1,0,2,0,2,0,4,0,1,0,23,1,3
R_1IGic4SJgEPWQ1D,5,1,4,1,5,1,1,1,1,0,43,0,3
R_3etyNQAX5N9sSkC,3,0,3,0,3,0,3,0,0,0,35,0,3
R_bwj6wrl10I0t00F,1,0,2,0,2,0,4,0,1,0,29,0,2
R_2QnAumuH5HYYhBn,2,0,3,0,3,0,4,0,0,0,25,0,4
R_24ADg35RpxQ4CFG,4,1,3,0,2,0,3,0,0,1,22,0,3
R_2SCgDSANdYGlysy,2,0,3,0,3,0,2,1,1,0,33,0,4
R_3KSCobasjsFq7tk,3,0,3,0,4,1,2,1,0,0,44,0,3
R_2wiTTZETuQXAHba,2,0,4,1,3,0,2,1,0,1,29,1,3
R_1GNWMqZYrhxjmbZ,4,1,3,0,5,1,2,1,1,0,30,1,3
R_5ipb7SMMMZbkheF,4,1,3,0,4,1,2,1,1,0,33,1,4
R_1pVwzkn3rIJLwDb,1,0,1,0,1,0,5,0,0,1,47,0,4
R_3P5ZexvVJd1ygYB,3,0,3,0,2,0,3,0,0,1,37,0,2
R_SBMIwkXg7TkSFhf,4,1,4,1,5,1,3,0,0,0,30,1,2
R_cO4LbaV7RArF1Yd,4,1,3,0,2,0,2,1,0,0,22,1,4
R_3qVyjkfQexxsztc,2,0,3,0,3,0,4,0,0,1,60,0,2
R_u7FDWE4E97nAIAF,3,0,3,0,3,0,3,0,0,1,28,1,2
R_1Pb0SUKdsK5cb53,4,1,4,1,5,1,2,1,1,0,53,1,4
R_8ws20RNYC6qQJnX,1,0,3,0,2,0,5,0,0,0,53,0,3
R_24ASbsqimrS0IiK,2,0,2,0,2,0,3,0,0,0,47,0,4
R_DDkUY0wlTDIj1Id,5,1,4,1,4,1,2,1,1,0,34,1,4
R_1CBatQB1tPEenw5,4,1,3,0,4,1,1,1,1,0,35,0,4
R_2PAudUZhoNxnZTv,2,0,3,0,3,0,2,1,0,0,24,0,4
R_2TFRTMZhu8SbQV4,3,0,3,0,3,0,4,0,0,1,31,0,3
R_21yoNuYC5v8vDbF,2,0,2,0,3,0,4,0,0,0,44,0,4
R_3dE85kA2F3BrNyw,3,0,3,0,3,0,3,0,0,1,34,0,4
R_3szd7X9YYbRsxLD,2,0,3,0,2,0,4,0,1,0,54,0,3
R_3dJGaWgUhvSx3Ys,1,0,3,0,3,0,5,0,0,1,43,0,3
R_27gpSy5BX1wAzGQ,4,1,4,1,5,1,2,1,0,1,27,0,4
R_22DKCBWM7y3bDjk,4,1,4,1,4,1,3,0,1,0,27,0,3
R_1NlhQupC7lQIJXE,4,1,3,0,3,0,2,1,0,0,23,0,4
R_zbPypdrDrB9UE0N,3,0,3,0,2,0,4,0,1,0,61,0,4
R_1i38ymacqW3lw5Y,2,0,3,0,2,0,4,0,0,0,60,0,3
R_3hoHXJVqwqyYVMd,4,1,4,1,4,1,3,0,1,0,32,0,4
R_3jzllYtWnMdH2kF,4,1,4,1,5,1,2,1,0,1,30,1,3
R_1f1OyJxwk7StnUS,1,0,1,0,1,0,5,0,0,1,31,1,4
R_cYXlVooHPYsHXhf,3,0,3,0,2,0,4,0,1,0,20,1,4
R_yvY4uUWH3FgU2Vb,2,0,3,0,2,0,5,0,0,0,21,0,3
R_33EifLWCKKBITVu,5,1,1,0,5,1,2,1,0,0,40,1,3
R_2aQPwUs42PB3KX6,3,0,4,1,4,1,2,1,0,1,30,1,3
R_xxYDAlkuHF3kpvH,1,0,1,0,2,0,5,0,0,0,31,1,4
R_1IcmdZwJuocrYPt,1,0,2,0,3,0,4,0,0,0,34,1,3
R_2v1Bua2NZ6kaNH8,2,0,3,0,2,0,3,0,1,0,29,1,4
R_1pM2iGiUfkoKjEk,2,0,3,0,3,0,4,0,1,0,21,0,3
R_32PCVoILPixllB8,2,0,4,1,3,0,2,1,1,0,33,1,4
R_1JOvcWLhuJJRS7k,2,0,3,0,2,0,3,0,1,0,24,1,2
R_3rMpk4McSkRV8Ig,5,1,5,1,5,1,2,1,0,1,24,0,3
R_TbdWJpaJxabuabL,5,1,3,0,5,1,4,0,0,1,43,1,4
R_2xL8jTxrqEz0L8F,2,0,3,0,2,0,4,0,0,0,20,0,3
R_XvmT4uX6GrKJQbL,2,0,3,0,2,0,4,0,1,0,37,0,2
R_21bqzUDuoOYCJjB,2,0,3,0,1,0,4,0,0,0,50,0,4
R_1LwBvlvFtdODC1u,1,0,3,0,2,0,5,0,0,0,35,1,4
R_3M5Jfqn5RVDAqR8,4,1,3,0,4,1,3,0,0,1,21,0,2
R_1eFAsuxa0SR3Vu2,4,1,4,1,4,1,2,1,0,0,20,1,2
R_blvFYa4S76E06Ed,2,0,3,0,2,0,4,0,0,0,24,0,4
R_4PcabGVPkIkkamB,2,0,3,0,3,0,3,0,0,0,36,0,4
R_1I6ri5GEcjgk41X,4,1,4,1,4,1,2,1,0,1,37,0,4
R_2153JtlKJpPVcey,4,1,4,1,4,1,2,1,0,1,35,0,4
R_pmmaJti3Cx86Yh3,4,1,4,1,4,1,2,1,0,1,29,1,4
R_1GCH7thdthyrZ5k,5,1,5,1,5,1,1,1,0,1,54,1,4
R_2Swtw5KsSKMdRzR,4,1,4,1,5,1,2,1,0,1,31,0,4
R_a3FXedpSWH1d2CZ,3,0,3,0,4,1,4,0,1,0,35,0,4
R_3M6FSFxMXYpz30w,4,1,4,1,4,1,1,1,0,1,23,1,3
R_3pJgdgl6Fd3cAhz,4,1,3,0,3,0,4,0,1,0,46,1,4
R_2qCKLgCPQqYr4ud,3,0,3,0,3,0,3,0,0,0,32,1,4
R_323GFFuc9Z0M4tp,2,0,3,0,2,0,3,0,0,1,30,0,1
R_3Ga0EtuyozHmYRa,4,1,4,1,4,1,2,1,1,0,37,1,2
R_vP2I3izEzm0HZrr,2,0,3,0,2,0,4,0,0,0,64,1,4
R_10vZC6Z8CE421Rf,3,0,4,1,4,1,2,1,0,0,51,0,3
R_3mjXWsqhPhWGC8K,2,0,3,0,2,0,2,1,1,0,30,1,4
R_3Ht9xa2oZgAc5RZ,3,0,4,1,3,0,3,0,1,0,31,1,4
R_SGFKw8Z7k7HXanf,2,0,3,0,2,0,4,0,0,0,27,1,4
R_2qh2ldZPdile5qj,1,0,2,0,1,0,4,0,1,0,28,1,4
R_yOc3wx4c3pviBYB,2,0,2,0,2,0,2,1,1,0,47,1,4
R_3M9AoaFNw49KIrD,2,0,2,0,2,0,2,1,0,0,40,1,4
R_2EfL2pwUgdVeK1b,2,0,3,0,2,0,4,0,1,0,37,0,4
R_6R1OsYIG464apb3,2,0,3,0,3,0,4,0,0,1,32,0,4
R_30e2ilnJSOieHmF,4,1,5,1,4,1,2,1,0,1,44,1,3
R_1HXF1K2IL5LyDHX,5,1,5,1,4,1,2,1,0,1,44,1,2
R_5pzBkcTmgb2x4qJ,4,1,4,1,3,0,3,0,1,0,28,0,3
R_3ekLLzldqgtLFeF,4,1,4,1,4,1,4,0,1,0,19,1,4
R_2OZLUYLc7yy0BNI,4,1,4,1,3,0,2,1,0,1,22,0,4
R_BxZnHlndmhjLG8h,4,1,5,1,4,1,3,0,0,1,25,0,4
R_2f8oOAUJcyImQYi,2,0,3,0,3,0,3,0,0,0,39,1,3
R_21v4Y0fyrj8b2oV,2,0,4,1,4,1,3,0,0,0,27,0,3
R_1FPA9iA6XIZy8IA,3,0,5,1,3,0,3,0,1,0,31,1,3
R_3irIlD8pxE5UOGs,4,1,4,1,4,1,4,0,1,0,43,0,4
R_3hAVPBsE3BhmAYy,2,0,2,0,3,0,4,0,1,0,29,1,4
R_uxdNykkZnQDzTq1,3,0,3,0,4,1,2,1,0,0,24,0,4
R_8uzw53LfdHyepQR,4,1,5,1,5,1,3,0,0,1,26,1,3
R_3mlfRXXwtqh2ADb,2,0,3,0,2,0,3,0,0,0,46,1,4
R_1ifWbLsXcFc98CH,4,1,4,1,4,1,2,1,1,0,50,0,3
R_2Vt2JU76xwNrlQk,2,0,3,0,2,0,4,0,0,0,26,1,4
R_eVedDx2Zk38lIn7,4,1,4,1,5,1,2,1,0,0,50,0,4
R_1ozCF771UrKLbCk,2,0,2,0,3,0,1,1,1,0,26,0,4
R_1Kf3Vdzjp2QvLxf,4,1,4,1,4,1,2,1,0,0,58,0,4
R_12fpmiVm8tJTON8,4,1,4,1,4,1,3,0,0,1,38,1,4
R_2czlRhFMCUmLwVd,1,0,1,0,1,0,2,1,0,1,27,1,4
R_23VpQYFPjcr2BP1,3,0,3,0,5,1,2,1,1,0,62,1,1
R_cLWFCsBq3mqGeA1,2,0,3,0,2,0,3,0,1,0,23,1,3
R_UEgtJQEIvG0WRrP,4,1,4,1,4,1,3,0,1,0,22,0,4
R_3qmxHMmdgmEUB69,2,0,2,0,4,1,3,0,0,0,22,1,3
R_OHkntNE3zmivWQp,2,0,2,0,2,0,4,0,0,0,35,0,4
R_3eqroF7PT8oHx8V,4,1,4,1,4,1,3,0,1,0,55,1,4
R_322xQ6HE5L1MVR0,3,0,3,0,3,0,2,1,0,0,41,1,4
R_26aV7L0EeyhFGtl,2,0,3,0,2,0,4,0,0,1,39,0,3
R_1jlgOLe7H2HRYCY,2,0,3,0,2,0,3,0,0,0,29,0,4
R_3DfBgIQcq8q8Bs5,2,0,3,0,3,0,2,1,0,1,41,0,3
R_1g8707i0ZgYRSnh,5,1,5,1,5,1,1,1,0,1,24,1,4
R_1puS2yNVjg1HzGz,5,1,3,0,4,1,4,0,1,0,31,0,4
R_3HXOKg2KSb2P0BZ,1,0,2,0,2,0,5,0,0,1,18,1,2
R_3hxzQnqYr6JiYnO,4,1,4,1,4,1,2,1,0,1,41,1,2
R_3axJyNpKTbRG6jL,4,1,3,0,4,1,4,0,1,0,26,0,4
R_2AYYzhe6yJF6ezz,2,0,4,1,4,1,4,0,1,0,34,1,3
R_ThmU7RpBzbv9Tk5,2,0,3,0,3,0,3,0,0,0,26,0,4
R_8oFaOQdSPNlj9sh,2,0,3,0,3,0,3,0,0,0,28,0,4
R_1jWg7yUDSoo2FlJ,2,0,2,0,2,0,3,0,1,0,59,0,2
R_3oZuZImTHYdRXkD,1,0,1,0,1,0,4,0,0,0,50,1,2
R_2Y5Hrqs19kZrRXP,3,0,3,0,2,0,3,0,0,0,30,0,4
R_PGuUg2XmELUBiet,4,1,4,1,3,0,2,1,0,1,28,0,4
R_3hrtdJdDbUh6hjM,3,0,3,0,3,0,4,0,0,0,35,0,4
R_2urgQjNpx98gsvo,3,0,3,0,2,0,4,0,0,0,39,1,4
R_2V4mMzU3ydGAOAx,4,1,5,1,4,1,2,1,1,0,21,1,3
R_3Gk1bfhEDcv2hIq,4,1,3,0,3,0,2,1,0,1,30,0,4
R_3n14Mxwwo3KwJeH,5,1,5,1,5,1,4,0,0,1,38,0,4
R_1P5X7fl22y54FfS,2,0,3,0,4,1,4,0,1,0,31,1,4
R_1BR5XeqG38pixd6,4,1,4,1,4,1,3,0,0,1,24,0,4
R_2CQkw4738iXJoAq,2,0,2,0,2,0,4,0,0,0,41,1,3
R_71lUHd1GnNeVqSd,4,1,4,1,5,1,2,1,1,0,40,0,4
R_3r1gVYjbpeqNGmi,2,0,2,0,1,0,4,0,0,0,38,1,4
R_2P0wM9vx36rFoWs,2,0,3,0,3,0,4,0,0,0,36,0,4
R_RXhvFgUQTwMLC9P,4,1,5,1,5,1,2,1,0,1,55,0,3
R_2DZHcPtDTKdCuHb,2,0,3,0,3,0,2,1,0,0,28,0,4
R_3CZrAClrAzXspKO,2,0,3,0,4,1,3,0,1,0,59,0,4
R_79bIvlXEoQmmSC5,4,1,4,1,4,1,2,1,1,0,36,1,4
R_3hgxkc88EjXzmyw,5,1,3,0,2,0,3,0,0,1,29,0,4
R_2PAn3k3wUqMNKgk,2,0,2,0,2,0,2,1,0,0,22,0,3
R_3rWoeWlzSvDnjpf,2,0,3,0,2,0,3,0,0,1,43,0,4
R_1mqMu296Rh7qrnd,4,1,4,1,2,0,2,1,0,1,41,0,3
R_2EmBaS9LEmMgR8y,4,1,4,1,4,1,3,0,0,0,32,1,4
R_1oAV6GaRO4VVN2q,5,1,5,1,1,0,1,1,0,0,60,1,4
R_3QSKhhCDtIJETMs,2,0,3,0,2,0,3,0,0,1,25,0,3
R_2s4oOxJf8bZqJmD,2,0,2,0,2,0,2,1,1,0,30,0,4
R_2qqmZQzASLiOUvw,4,1,3,0,4,1,2,1,1,0,25,1,4
R_1QDygFXgJjukqsN,1,0,2,0,1,0,5,0,0,0,55,1,4
R_3rNDDJnd8RmLweD,1,0,2,0,1,0,4,0,1,0,42,0,4
R_vwyx3arqLNX4CmB,4,1,3,0,2,0,2,1,0,1,54,0,4
R_1QlIXqstRkxEND9,3,0,3,0,2,0,2,1,0,1,34,0,2
R_R2oZd3eO5FtGmdz,1,0,2,0,2,0,4,0,0,1,31,1,1
R_2xxbC8FauYQBnZK,2,0,2,0,1,0,3,0,0,0,53,0,3
R_3QLzjy6Rp4jChHU,2,0,3,0,2,0,5,0,0,0,21,0,2
R_1guqmK53xvxgdbG,1,0,3,0,1,0,4,0,0,0,37,1,3
R_O1d5EF7RWLFZsgF,3,0,3,0,3,0,3,0,0,0,35,1,4
R_31H2RUjCgXntd2A,2,0,3,0,4,1,3,0,0,1,36,1,4
R_3NLj2YNAYcpSkF4,4,1,4,1,5,1,1,1,0,1,44,0,4
R_2YnBeOUvIuKhNpa,2,0,2,0,2,0,2,1,1,0,50,0,4
R_C1vnKe5z41y0037,2,0,2,0,2,0,3,0,0,1,59,1,4
R_WAUbppiON2mWqhH,3,0,3,0,3,0,4,0,1,0,47,0,4
R_1re7T4hqMIeyLiF,1,0,1,0,2,0,2,1,0,0,29,1,3
R_1DBw5zmZr5E5hHJ,3,0,2,0,3,0,2,1,0,1,30,0,3
R_UbDNghM1XIfMKqd,4,1,4,1,5,1,1,1,0,1,55,1,3
R_11dppogJUoqOd4n,2,0,3,0,2,0,4,0,0,0,22,1,3
R_25YnLWipfTpnODM,4,1,3,0,3,0,2,1,1,0,37,0,2
R_1mOfRcTYKALf3HD,2,0,3,0,3,0,3,0,0,0,33,1,4
R_3J4nfkw99t5if0H,2,0,2,0,2,0,4,0,1,0,22,0,3
R_3dLK8pPvT0EuuJg,3,0,3,0,3,0,5,0,0,0,26,0,4
R_1jlxWN3F9gykMkA,2,0,3,0,3,0,4,0,1,0,22,1,3
R_uk875D7Iv9dChQB,5,1,5,1,5,1,1,1,0,1,21,0,3
R_1CwjqHE8RggWRBt,4,1,4,1,3,0,3,0,0,1,19,1,3
R_SITQiiOChYNX0lP,2,0,2,0,1,0,4,0,1,0,25,0,4
R_3RpEYIhWOgFhdKJ,5,1,5,1,5,1,1,1,1,0,19,1,3
R_6FEHrquBoQrx961,4,1,3,0,2,0,2,1,0,1,36,1,4
R_2qyBx9DhpCOSQge,2,0,3,0,2,0,3,0,0,0,33,0,4
R_1ib0zAgAQLmWSOD,4,1,4,1,4,1,2,1,1,0,46,0,4
R_3nCWoFYnsYZFZuQ,4,1,4,1,4,1,2,1,0,1,29,0,4
R_2aaX0DVUyZFwmhT,2,0,3,0,4,1,2,1,0,0,43,0,4
R_3NyQ3W8PSS8fsrC,3,0,3,0,4,1,2,1,1,0,27,1,4
R_3dMntb6yENRzWp7,5,1,5,1,5,1,2,1,0,1,43,1,4
R_3nHFkAevf6X9QPR,5,1,5,1,4,1,2,1,1,0,33,0,4
R_3nI9JqfL6pCdp3v,3,0,4,1,4,1,2,1,1,0,24,1,3
R_2zA53OZbNkfNz2r,2,0,3,0,2,0,3,0,1,0,33,0,4
R_8hNOeFZ1eFlKV2x,2,0,3,0,3,0,4,0,0,1,26,1,3
R_3EuHiaB26gGeUjt,5,1,5,1,5,1,3,0,1,0,33,0,4
R_1PXl7CTYE10lTyE,4,1,4,1,5,1,2,1,1,0,56,0,4
R_vJExq2OELHf0HhD,4,1,4,1,5,1,2,1,0,1,60,0,3
R_xsCAJtsJp0r4lzz,2,0,3,0,3,0,4,0,0,1,44,0,4
R_2sWSOOXk9xzghcp,4,1,3,0,4,1,2,1,0,1,59,0,4
R_1oIs1vpaNZMmgcT,2,0,3,0,2,0,4,0,0,0,39,0,4
R_2woESAi7PdKZ3Is,3,0,3,0,3,0,4,0,1,0,39,1,4
R_11XiSvjzGvaYcRD,2,0,3,0,3,0,4,0,1,0,42,1,3
R_2SvKp2e4qZssoqB,3,0,3,0,3,0,3,0,0,0,28,1,4
R_1rqflB0U1gZCXIl,4,1,4,1,4,1,3,0,0,1,32,0,3
R_1ITrQheb8uBM8pt,4,1,4,1,4,1,3,0,1,0,29,0,3
R_25u0G8mT9djkn6O,2,0,2,0,4,1,2,1,1,0,29,1,4
R_3I9IfXjg0YBruHH,4,1,5,1,5,1,1,1,0,1,64,1,2
R_1n29lJQZNnxtOcY,4,1,4,1,4,1,2,1,0,1,26,1,4
R_2RNWUFBiLjCgwe2,2,0,3,0,2,0,4,0,0,1,25,1,4
R_aYqu7O1PStbB3X3,2,0,2,0,2,0,4,0,0,0,51,0,2
R_1P5aIo7SGLwweAP,4,1,5,1,5,1,2,1,0,1,39,0,4
R_TpaLDOF31uy7cxH,1,0,2,0,2,0,4,0,0,0,50,0,3
R_2Y8P852rd68s9IB,1,0,2,0,2,0,2,1,1,0,26,1,4
R_265TgpVZwxx0jYI,3,0,4,1,4,1,3,0,0,1,43,0,4
R_1OHxWFPVnRz5y5r,2,0,2,0,2,0,2,1,0,0,28,1,4
R_pFtvVAy46p7kxmV,4,1,4,1,4,1,1,1,0,1,37,0,4
R_2v7IkjifERIpfDj,3,0,2,0,4,1,4,0,0,1,31,1,4
R_pLdq3u71cqw36Nz,2,0,3,0,3,0,3,0,0,0,45,0,3
R_BR2iGGDCj62ptTz,2,0,3,0,2,0,4,0,1,0,33,1,4
R_1oAxQuONcgbS8H3,2,0,2,0,2,0,4,0,0,0,23,1,3
R_3fuAitcjRrLY6gx,1,0,1,0,2,0,2,1,0,1,20,1,3
R_3mfRlMoVC9MTjkk,2,0,2,0,2,0,3,0,1,0,36,0,3
R_1DnHN8ljZH8qvDM,2,0,3,0,2,0,4,0,0,1,23,0,4
R_2RUgs8kFvhSjfcX,5,1,5,1,5,1,1,1,0,0,30,1,2
R_3PX0E8rzKaFU1qJ,2,0,3,0,4,1,2,1,0,0,33,1,4
R_2fCLsRCvqCnF2XO,2,0,3,0,4,1,3,0,0,0,28,0,4
R_3hgTd1pF2JMPnXa,1,0,2,0,3,0,3,0,0,1,29,0,4
R_yrrH1anXVj2jJDP,4,1,3,0,4,1,2,1,1,0,22,0,3
R_25L1JdTpr25J6OB,2,0,3,0,2,0,4,0,0,0,38,0,4
R_3O3b0wMSJbREice,2,0,3,0,2,0,4,0,0,1,68,0,2
R_ZqwxyRppRIs3613,4,1,3,0,4,1,4,0,1,0,38,1,4
R_2zJc90rl0gMgk0V,4,1,4,1,5,1,3,0,1,0,39,0,2
R_ZJkWGU9RGSUT3BT,5,1,5,1,5,1,2,1,0,1,34,1,4
R_2E5K0N3b9sMO5W3,1,0,2,0,2,0,4,0,1,0,48,1,4
R_3BEgcbGu1PFLj45,3,0,3,0,3,0,2,1,0,0,30,1,2
R_2pWTXxJucej9kzr,4,1,4,1,4,1,4,0,0,1,23,0,4
R_XSqVCkicwdhRfC9,2,0,3,0,2,0,4,0,0,0,42,1,4
R_7Vr0JHVjA0EpQON,2,0,2,0,2,0,3,0,1,0,55,0,3
R_24AyVGzzZDcgig7,3,0,4,1,4,1,2,1,1,0,45,1,3
R_1hLul28jNBne6GB,4,1,4,1,5,1,1,1,0,0,22,0,4
R_5aUDmWe98Q9nSr7,2,0,3,0,3,0,4,0,1,0,23,1,4
R_2QLivYNdzBb8TAD,3,0,3,0,2,0,4,0,0,1,43,0,3
R_3FKG3G2mCVOt4Hk,3,0,4,1,3,0,3,0,1,0,30,1,4
R_3KUzmkH2F2llkUy,3,0,3,0,3,0,2,1,0,1,42,1,3
R_elK8cVvXpB5yKFX,2,0,3,0,4,1,3,0,0,0,31,0,4
R_1OouoJtCwnXQon4,3,0,3,0,4,1,3,0,0,1,35,1,3
R_qDd9M41U4aKoQLL,4,1,4,1,4,1,2,1,1,0,36,1,4
R_23UHGTbqFYIdPew,2,0,3,0,3,0,2,1,0,0,19,0,3
R_WuQPKBvBbtcoM3D,4,1,3,0,2,0,2,1,0,1,32,1,2
R_2wMsdQXQyIvksEF,2,0,3,0,1,0,4,0,1,0,76,0,2
R_x9kVbc4YBJJxtmh,5,1,5,1,5,1,1,1,1,0,35,1,4
R_2YhaOymIqlti1Yn,1,0,3,0,2,0,2,1,0,0,39,0,4
R_3HSpL3lcsyNXj0Q,4,1,4,1,5,1,1,1,0,1,32,1,4
R_DUZAC1TegkikNLr,5,1,5,1,5,1,1,1,1,0,37,1,3
R_2TuBUrGCPgX8qvc,2,0,3,0,3,0,3,0,1,0,55,0,4
R_2vbP5ZMyLdE31O2,2,0,3,0,1,0,2,1,0,1,36,1,3
R_3dQvU9xKoHGsnyB,1,0,1,0,1,0,4,0,0,1,46,1,4
R_3KIv6RtR0YoqJoj,2,0,3,0,2,0,4,0,0,0,38,0,4
R_3KC7bvqgUAgUVZe,5,1,5,1,5,1,1,1,0,1,32,1,4
R_1ds2CLPeTl6SPZL,2,0,2,0,2,0,2,1,0,0,36,0,3
R_1MRIZ3Y8yER9s70,4,1,4,1,5,1,2,1,0,1,65,1,4
R_2dmcfgWFgpgpH6b,4,1,4,1,4,1,1,1,0,0,23,1,4
R_294vk08xvL4UcjW,4,1,3,0,3,0,3,0,1,0,43,1,2
R_2w0sEATnv2YCgxK,2,0,2,0,3,0,5,0,0,1,19,1,3
R_3syJQ8UtpDMcA25,1,0,3,0,3,0,5,0,0,0,32,1,4
R_3M42oV8KnZRh6Uy,2,0,3,0,4,1,4,0,0,1,29,0,3
R_6stCPO8EjOCoqEt,4,1,4,1,3,0,3,0,0,0,29,1,4
R_2WvtgBcOQ3wuxgG,4,1,5,1,2,0,2,1,1,0,26,1,4
R_1jUJaGXSkK0PoPm,5,1,5,1,4,1,2,1,1,0,36,1,3
R_BWeNQuHarqjcd7b,2,0,3,0,2,0,5,0,0,0,66,0,4
R_1NbwfKmL10swcey,4,1,4,1,4,1,3,0,1,0,23,1,4
R_1oCo53M1i6tBv77,4,1,4,1,3,0,2,1,1,0,39,0,3
R_2zo6Ya5MZtPD7YY,2,0,3,0,2,0,4,0,0,1,21,1,3
R_3GBoVApXRv041Xw,4,1,3,0,4,1,2,1,0,1,23,0,4
R_3nwTp7oWXnxKTrT,5,1,4,1,5,1,1,1,0,1,34,0,4
R_3MLp0xgX7kZr0Ko,2,0,4,1,4,1,1,1,0,0,21,1,4
R_24Ibx0AQ0gpfQQp,4,1,4,1,5,1,2,1,1,0,30,1,3
R_bllKYkuzgB42Qi5,3,0,3,0,3,0,4,0,0,0,72,1,4
R_RIjBRnp5adzqJIB,1,0,2,0,1,0,4,0,0,0,37,1,4
R_engEcw0POKsulfX,5,1,3,0,4,1,2,1,0,0,33,1,4
R_1gcZG6vLyFVGlUp,3,0,3,0,2,0,4,0,1,0,27,1,3
R_3qjQReFUPRtcVjV,3,0,4,1,5,1,1,1,1,0,33,0,4
R_10Tb9Oo9IV8718L,3,0,4,1,2,0,4,0,0,1,26,0,4
R_3EtC8O6xE3m6vd2,4,1,4,1,4,1,2,1,1,0,36,1,3
R_2fj37axN3xU7nRw,3,0,3,0,4,1,3,0,0,0,37,0,3
R_1K8uaTh2zxWvcfR,2,0,2,0,2,0,4,0,0,0,30,0,4
R_3e4bnchNXF7CE6S,4,1,3,0,5,1,2,1,1,0,39,0,3
R_bxx9E9MeGSxSHip,2,0,2,0,2,0,4,0,1,0,23,1,4
R_PASJcKUGkKR9L57,4,1,4,1,4,1,2,1,1,0,37,1,2
R_1GZJExoGT5AQgok,4,1,3,0,4,1,2,1,0,0,25,1,3
R_2uQFIxOE2gyfBAS,4,1,4,1,4,1,4,0,0,1,40,1,3
R_CjD45Yjj8oKVaz7,1,0,2,0,1,0,4,0,1,0,26,1,3
R_3PhPwm9bTquLTN4,2,0,3,0,2,0,4,0,0,1,54,0,4
R_1DnzJKu3kPn6v9A,3,0,3,0,3,0,4,0,0,0,36,1,4
R_1nZRtbCs3e6AtkT,5,1,4,1,5,1,1,1,0,0,55,0,2
R_1gwoV2uYG6zKWiU,2,0,3,0,3,0,2,1,0,0,42,0,3
R_z8OhfoDRWR9qqrL,3,0,3,0,2,0,4,0,0,0,23,0,3
R_6rok6rksAzRSiQx,2,0,3,0,3,0,3,0,0,0,24,0,3
R_2BfflKp9pyoZPm6,5,1,5,1,5,1,1,1,1,0,43,1,4
R_1l9yq35gbDoDW6K,2,0,3,0,5,1,4,0,0,0,28,0,3
R_Okj8MD0WwYjL5F7,2,0,3,0,2,0,3,0,0,0,59,0,4
R_1hMZKpNB3bUNG6O,4,1,3,0,3,0,2,1,0,0,24,1,2
R_DvDPr3ObeZseBVL,3,0,3,0,3,0,4,0,0,1,40,0,3
R_3IaZNDtI5sobv3o,1,0,1,0,1,0,4,0,0,1,58,0,3
R_1K3c3Vx3wHvjMCS,2,0,4,1,4,1,2,1,0,1,38,1,3
R_2w1C9OtEsIVIC1j,4,1,3,0,3,0,3,0,0,1,22,0,4
R_2ASwacm9ghW5uPp,4,1,4,1,4,1,2,1,0,0,34,1,4
R_3ltY55kNd9d0o2s,5,1,5,1,5,1,1,1,1,0,28,0,4
R_sSTvJrNaD6rrbSF,2,0,3,0,2,0,2,1,0,1,31,1,3
R_2b2FSGasQB9cUgo,5,1,5,1,5,1,1,1,1,0,33,1,4
R_OlhTbnX7UySPyrD,2,0,3,0,1,0,2,1,1,0,27,1,3
R_2sZHdCUXNRhrdpo,4,1,4,1,4,1,2,1,0,0,19,0,3
R_1gdS6RknbPqyLCx,2,0,2,0,4,1,2,1,0,1,50,0,3
R_AhYbjCNqimsnMbf,5,1,5,1,5,1,1,1,0,1,33,1,3
R_1eJoXtjLC13AiyK,4,1,4,1,4,1,2,1,0,1,21,1,3
R_3O2ox7QSVlr4R8p,4,1,4,1,2,0,2,1,0,1,24,1,4
R_28ILzKyjowPT89h,3,0,3,0,3,0,3,0,0,1,25,0,3
R_1q8knMs55nniSJA,5,1,4,1,3,0,3,0,1,0,23,1,4
R_RKN1N0JNF8RLsGd,2,0,2,0,2,0,3,0,0,0,31,0,3
R_tRp97MOKOr3cHDP,2,0,3,0,4,1,2,1,1,0,20,1,3
R_uq2RFBWCkKuyrbr,4,1,4,1,4,1,2,1,0,1,21,1,4
R_2PcZUjc9QW9xiT6,3,0,4,1,4,1,2,1,1,0,42,1,4
R_9nwAcYW7McNOBK9,3,0,3,0,3,0,2,1,0,1,62,1,4
R_111SUf5LaMCUS6p,2,0,3,0,2,0,4,0,1,0,22,1,4
R_bpSk5O4USuimUu1,2,0,3,0,1,0,2,1,0,1,29,1,2
R_3EVVkwdiCzchmlS,4,1,4,1,3,0,3,0,0,0,23,0,2
R_26eZvaRAPbJ0Lxa,3,0,3,0,1,0,5,0,0,0,35,0,4
R_XAmg0MhW2yOK2SR,4,1,3,0,4,1,2,1,0,1,46,1,4
R_2zYpTYdJq1TXKH8,4,1,4,1,3,0,2,1,0,1,43,1,4
R_263jCUQracFCBMX,3,0,3,0,3,0,2,1,0,0,33,1,2
R_0ktkVwHeMLExBkZ,4,1,3,0,4,1,2,1,1,0,28,1,4
R_3FWIDCxVGyFBiFX,4,1,4,1,2,0,4,0,1,0,49,0,4
R_3nMMXcX4TvHd6NN,2,0,3,0,1,0,3,0,0,0,55,1,2
R_VPhootYaFFEHW0h,2,0,3,0,2,0,3,0,0,0,54,0,3
R_22xzoTdaP4h47lD,3,0,3,0,1,0,5,0,0,0,52,0,3
R_Qh2JlbUuRGzjppT,3,0,3,0,2,0,3,0,1,0,37,1,3
R_ul9SXqg5n48HNiV,5,1,4,1,5,1,2,1,1,0,50,1,3
R_3mfTLkAmP41TFJv,2,0,3,0,3,0,4,0,0,0,42,0,4
R_z5LJZr3zPvj3jep,2,0,3,0,2,0,4,0,1,0,31,1,4
R_2Y8NiiIPf93xjxg,4,1,3,0,4,1,2,1,1,0,21,1,3
R_3kDbKhIcPMAdUbv,2,0,3,0,2,0,4,0,1,0,22,1,3
R_240gURJAMDJyX8v,2,0,3,0,2,0,4,0,0,0,19,0,3
R_stxqp1h0DssHpSx,1,0,3,0,1,0,4,0,0,1,63,0,4
R_2VEcOlwYzIv3Kne,2,0,2,0,2,0,2,1,0,0,22,1,3
R_3MrJBBzBahieScE,5,1,5,1,5,1,1,1,0,1,43,1,4
R_OvRsVmTQMYueWe5,2,0,3,0,1,0,3,0,1,0,62,0,4
R_1f95oxqJLOvPltx,5,1,4,1,5,1,2,1,0,1,46,0,3
R_2DZfFzJGyiLTJUv,2,0,3,0,2,0,2,1,0,1,21,1,3
R_2pLzAfu6dOEwUkf,4,1,4,1,4,1,2,1,0,0,53,0,4
R_2TzwBxUOOW1B4v0,2,0,3,0,2,0,4,0,1,0,30,0,3
R_3nwlMBARs7lolHe,2,0,3,0,3,0,4,0,0,0,37,0,4
R_3HZjjcBbBAR0fud,4,1,3,0,5,1,2,1,0,1,21,1,3
R_3ENk9DfUjkk1UT0,2,0,3,0,2,0,3,0,0,0,58,1,4
R_3nO4OK9g79amJXs,4,1,4,1,5,1,2,1,1,0,23,1,4
R_3Jl0kqQfulTAkb8,4,1,5,1,5,1,3,0,1,0,24,1,3
R_5hjgs7th0lMVVdv,5,1,3,0,4,1,2,1,1,0,54,0,4
R_1NbiGw2KtUvlKjX,2,0,3,0,2,0,4,0,0,0,58,0,4
R_2TC16zOa21TTRBi,2,0,2,0,1,0,4,0,0,1,31,1,4
R_1OOKzGVC1t2YOgh,4,1,3,0,5,1,1,1,0,1,35,0,2
R_2vijs9MiYfuMKAt,4,1,3,0,3,0,2,1,0,1,32,1,4
R_vksxusGlk3IhL0J,4,1,4,1,4,1,2,1,1,0,43,1,2
R_2e3ES7T0ZVem6Km,4,1,4,1,5,1,1,1,0,1,54,0,4
R_2f5dPtwicZ4uoSt,4,1,4,1,4,1,1,1,0,0,46,1,4
R_3iwk2190cy4Pzp3,2,0,3,0,2,0,4,0,0,1,27,0,3
R_3s1EHnHr30SQ1Dr,1,0,2,0,2,0,3,0,0,0,37,1,4
R_2wgiCns7Zm6Jis5,4,1,3,0,3,0,2,1,0,1,53,0,3
R_33xpq2rsnOvfV4E,4,1,3,0,4,1,3,0,1,0,32,0,4
R_1NePS8e7w2MYPUn,5,1,5,1,3,0,3,0,1,0,48,0,3
R_25zLVhgH337eOBR,5,1,5,1,5,1,1,1,0,0,48,1,4
R_AclzIHcn55rbTgd,2,0,2,0,3,0,2,1,0,0,38,1,3
R_DODa0cUqSsB27AJ,2,0,3,0,2,0,4,0,1,0,32,1,2
R_piTSbauhFSjxwHL,3,0,5,1,5,1,1,1,0,0,61,0,4
R_1k1dFTwzan4b32y,5,1,4,1,5,1,2,1,0,1,43,1,4
R_3D0dOoz4VKuuG8u,2,0,3,0,2,0,4,0,1,0,48,0,3
R_8ffHD0FlicIBMyJ,2,0,2,0,2,0,4,0,0,1,40,0,4
R_5sFORRRChCjxEwV,5,1,5,1,3,0,2,1,1,0,42,0,4
R_3QWTZO5nVu9plEf,5,1,5,1,5,1,1,1,0,1,51,0,3
R_1mr6QqwzqCvSJxt,3,0,4,1,2,0,5,0,1,0,27,1,4
R_sp8atUHVdY6fHXz,4,1,4,1,4,1,2,1,0,1,27,1,4
R_2q2F7W5djZ2RGvl,2,0,3,0,2,0,4,0,0,0,60,0,2
R_3WtxXBKWbz6G7fj,5,1,4,1,5,1,1,1,0,0,39,0,4
R_b8gRWz0voLF7W9P,4,1,3,0,4,1,3,0,1,0,34,1,3
R_25ZcTGuSbt8OFwt,5,1,5,1,5,1,4,0,0,1,64,0,4
R_OdT8dCgqJJNqcWB,2,0,3,0,1,0,3,0,0,0,33,0,4
R_1QEORbhRQg1lIBb,1,0,2,0,1,0,4,0,0,1,39,1,4
R_2qDHYrg7EpllfbU,4,1,4,1,4,1,2,1,0,0,26,0,2
R_3iVlvBfAgESzUNE,3,0,3,0,3,0,4,0,1,0,51,0,2
R_yZJJooVbxXxzI0V,2,0,3,0,2,0,4,0,0,0,48,0,3
R_1MYaKnSg8nG4hnY,5,1,5,1,5,1,1,1,1,0,35,0,3
R_esQxZ6OUfoFr4Z7,4,1,3,0,4,1,2,1,1,0,25,0,3
R_2Vmc7ctoceBOez8,4,1,4,1,4,1,3,0,0,0,27,1,2
R_6mX9ozEnQdMhWkF,4,1,4,1,4,1,2,1,0,1,33,0,4
R_3imPAGdiFFYpwiF,2,0,3,0,2,0,4,0,1,0,51,1,3
R_YPSKqrTajhvkj8l,2,0,3,0,2,0,4,0,1,0,47,0,3
R_uvSql9KzgKo1s6B,3,0,3,0,3,0,4,0,0,1,29,1,4
R_126eyKCtVH9XkTh,3,0,4,1,2,0,3,0,0,1,29,1,4
R_eKcmWbHHLERpIfX,5,1,5,1,5,1,2,1,1,0,26,1,3
R_30vIrIKQj4Y2wSl,3,0,3,0,4,1,2,1,0,1,61,1,4
R_3QKT8Q0waff5x54,4,1,4,1,4,1,2,1,0,0,28,1,4
R_4SGOxSZauliqKm5,5,1,3,0,5,1,1,1,0,1,49,1,4
R_1rIY3P7FP069Lnk,5,1,5,1,5,1,5,0,0,0,33,1,2
R_pAgryqQEiw9UNhf,2,0,3,0,2,0,4,0,1,0,25,1,4
R_2f2Sk7ts0RILBIN,3,0,3,0,2,0,4,0,0,1,52,1,4
R_1kRMtwWAhz0T3he,2,0,3,0,2,0,4,0,1,0,33,1,4
R_1iaEf3nkouMOpe0,2,0,2,0,2,0,4,0,0,0,40,0,3
R_umNwtJls762kxGh,1,0,2,0,2,0,4,0,0,0,19,0,1
R_9AlhPmQMAkRVTed,3,0,3,0,3,0,3,0,0,1,31,1,4
R_yx6IMvyAXOrDosx,1,0,1,0,1,0,2,1,1,0,25,1,4
R_3HvNBhho059vGFI,1,0,3,0,2,0,1,1,1,0,47,1,2
R_3GB5PmYecBNg4hN,4,1,4,1,4,1,3,0,1,0,34,1,4
R_QhbNQ7cz1CAJReN,5,1,5,1,5,1,2,1,0,1,27,1,4
R_V56S9RoPlFlxq3T,4,1,4,1,3,0,2,1,0,0,36,0,4
R_dil5zlknO29MtVL,2,0,1,0,4,1,4,0,0,1,31,0,4
R_vGMr2GO1Wx4Jppn,1,0,3,0,1,0,4,0,0,0,65,1,4
R_3KrLMIoGaOWG04X,4,1,3,0,3,0,4,0,0,0,26,0,3
R_1eOzexOCJOjPzhu,2,0,2,0,1,0,2,1,1,0,27,1,4
R_1178uSjIIrWmlvY,2,0,3,0,1,0,4,0,0,1,28,1,4
R_33wkGN8hUKzKNgY,3,0,3,0,3,0,2,1,0,0,24,1,3
R_261sWPEKGZ1C55T,5,1,4,1,4,1,2,1,0,1,20,1,3
R_21bqtzL8YSWHqW9,3,0,3,0,4,1,2,1,1,0,55,0,4
R_r8csWS98XPXdkKB,5,1,5,1,5,1,2,1,1,0,34,1,4
R_1EhtLGiV393ouik,4,1,3,0,2,0,4,0,0,1,38,0,4
R_2YYzRLSD6VxecXI,2,0,3,0,2,0,4,0,0,0,32,1,4
R_1j8qrtoxM2OkJVC,3,0,3,0,2,0,3,0,0,0,31,1,4
R_3IT6WcBMUmeg456,4,1,4,1,4,1,3,0,1,0,54,0,4
R_3p417eeSlFqJLuw,3,0,3,0,5,1,2,1,0,0,44,1,4
R_2rOAoLSgRXQrGMG,2,0,3,0,4,1,4,0,1,0,64,0,4
R_3smNsOdHKTv0VKL,2,0,3,0,2,0,3,0,0,0,27,1,3
R_1hGf9cep4uxQAEW,4,1,3,0,4,1,2,1,0,1,32,0,2
R_r87ak5LaUkxzFFT,2,0,2,0,2,0,3,0,0,1,36,1,4
R_d0bDHuYEfV2MdQR,2,0,3,0,3,0,3,0,0,1,23,1,2
R_1ghzGnAULVSMsDL,2,0,3,0,3,0,2,1,1,0,32,1,4
R_AEvxFXOMA4uVEcx,3,0,2,0,3,0,2,1,0,0,45,1,4
R_2tlC5H36OuMl1I7,5,1,5,1,5,1,1,1,0,1,45,0,3
R_Qch4N45jjJAjvz3,2,0,2,0,2,0,3,0,1,0,32,1,3
R_VVew1djm9FbbcYh,4,1,5,1,4,1,3,0,0,1,23,1,1
R_2v7lsAN5zaGbwUw,3,0,3,0,3,0,4,0,0,0,36,1,3
R_22xXU2IgSz0syoa,3,0,3,0,3,0,4,0,0,0,43,0,3
R_3dRM74Z2j5jrdKI,4,1,4,1,4,1,3,0,1,0,42,0,4
R_3NRlQZX6Zp4ijo8,2,0,3,0,1,0,4,0,0,0,26,1,2
R_26ms24RrAHPXPPZ,5,1,5,1,5,1,1,1,1,0,28,1,4
R_30cnTTGgnLPMyid,4,1,4,1,4,1,1,1,0,1,37,0,3
R_12gqWkaz5ychmdW,3,0,3,0,3,0,3,0,0,1,32,0,4
R_3iRbLCKChx4Uymd,4,1,4,1,4,1,1,1,1,0,27,0,2
R_0eVrOigMBTgK0dH,2,0,3,0,3,0,2,1,0,0,27,0,4
R_2CEe4srQGZMXWqY,3,0,3,0,2,0,3,0,0,1,38,1,3
R_3nSnosIWjAaho2z,4,1,3,0,4,1,2,1,0,0,27,0,4
R_3gUh178RI7LLBEc,2,0,2,0,2,0,5,0,1,0,62,0,4
R_26nGYQT4Ui7WCcR,2,0,3,0,2,0,4,0,1,0,23,1,3
R_1QybEXNBeInNei0,4,1,5,1,4,1,2,1,0,0,33,1,3
R_2QgjF7OiB3SdHMi,2,0,2,0,2,0,4,0,0,1,34,1,1
